district,state,drought_risk,flood_frequency,flooded_area
& parts of himachal pradesh,himachal pradesh,,2.0,0.0
& parts of uttar pradesh,uttar pradesh,,1.0,0.0
& various parts of nagaland,nagaland,,1.0,0.0
11 districts,odisha,,1.0,0.0
14 districts,odisha,,1.0,0.0
14 districts of assam,assam,,1.0,0.0
19 districts of orissa,odisha,,1.0,0.0
21 districts of assam,assam,,1.0,0.0
24 parganas,west bengal,0.6184505565057321,0.0,0.0
26 districts of rajasthan,rajasthan,,1.0,0.0
29 districts affected,uttar pradesh,,1.0,0.0
3 out of 8 districts,manipur,,1.0,0.0
6 districts,arunachal pradesh,,1.0,0.0
adilabad,andhra pradesh,,19.0,0.988714607
adilabad,"andhra pradesh, telangana",,1.0,0.988714607
adilabad,"maharashtra, telangana",,1.0,0.988714607
adilabad,telangana,0.7467245484953279,4.0,0.988714607
adjoining areas,himachal pradesh,,1.0,0.0
agar-malwa,"andhra pradesh, madhya pradesh",,1.0,0.0
agar-malwa,madhya pradesh,,6.0,0.0
agar-malwa,"madhya pradesh,  chhattisgarh",,1.0,0.0
agar-malwa,"madhya pradesh, punjab, haryana, west bengal",,1.0,0.0
agar-malwa,"odisha, bihar, uttar pradesh, madhya pradesh, rajasthan, haryana",,1.0,0.0
agar-malwa,"rajasthan, bihar, madhya pradesh, gujarat, maharashtra, uttar pradesh",,1.0,0.0
agra,"bihar, uttar pradesh, west bengal, himachal pradesh",,1.0,4.031426704
agra,"himachal pradesh, uttar pradesh",,1.0,4.031426704
agra,"himachal pradesh, uttar pradesh, bihar,  west bengal",,1.0,4.031426704
agra,"jammu and kashmir, punjab, uttar pradesh, assam,  arunachal pradesh",,1.0,4.031426704
agra,"kerala, rajasthan, haryana, uttar pradesh, bihar",,1.0,4.031426704
agra,"odisha, bihar, uttar pradesh, madhya pradesh, rajasthan, haryana",,1.0,4.031426704
agra,"rajasthan, bihar, madhya pradesh, gujarat, maharashtra, uttar pradesh",,1.0,4.031426704
agra,"rajasthan, punjab, uttar pradesh",,1.0,4.031426704
agra,uttar pradesh,0.5634780561493706,24.0,4.031426704
agra,"uttar pradesh , assam , bihar , west bengal, kerala",,1.0,4.031426704
agra,"uttar pradesh , uttarakhand",,1.0,4.031426704
agra,"uttar pradesh, bihar,  assam",,1.0,4.031426704
agra,"uttar pradesh, bihar, odisha, west bengal",,1.0,4.031426704
agra,"uttar pradesh, east rajasthan",,1.0,4.031426704
agra,"uttar pradesh, uttarakhand",,1.0,4.031426704
agra,"uttar pradesh, west bengal, bihar",,1.0,4.031426704
ahmedabad,gujarat,0.702409900710256,51.0,0.0
ahmedabad,maharashtra,,1.0,0.0
ahmedabad,"rajasthan, bihar, madhya pradesh, gujarat, maharashtra, uttar pradesh",,1.0,0.0
ahmednagar,"bihar, maharashtra",,1.0,0.0
ahmednagar,maharashtra,0.7716388916473853,40.0,0.0
ahmednagar,"maharashtra, telangana",,1.0,0.0
ahmednagar,"rajasthan, bihar, madhya pradesh, gujarat, maharashtra, uttar pradesh",,1.0,0.0
aizawl,mizoram,,19.0,2.065788746
ajmer,"kerala, rajasthan, haryana, uttar pradesh, bihar",,1.0,0.203556192
ajmer,"odisha, bihar, uttar pradesh, madhya pradesh, rajasthan, haryana",,1.0,0.203556192
ajmer,"odisha, rajasthan",,1.0,0.203556192
ajmer,rajasthan,0.7264742607654696,36.0,0.203556192
ajmer,"rajasthan, bihar, madhya pradesh, gujarat, maharashtra, uttar pradesh",,1.0,0.203556192
ajmer,"rajasthan, punjab, uttar pradesh",,1.0,0.203556192
akharpur,uttar pradesh,,1.0,0.0
akola,"bihar, maharashtra",,1.0,0.605435381
akola,maharashtra,0.8324195718034609,65.0,0.605435381
akola,"maharashtra, telangana",,1.0,0.605435381
akola,"rajasthan, bihar, madhya pradesh, gujarat, maharashtra, uttar pradesh",,1.0,0.605435381
alappuzha,"karnataka, kerala",,1.0,12.40641849
alappuzha,kerala,0.7908746150839343,110.0,12.40641849
alappuzha,"kerala, karnataka",,1.0,12.40641849
alappuzha,"kerala, rajasthan, haryana, uttar pradesh, bihar",,1.0,12.40641849
aligarh,"bihar, uttar pradesh, west bengal, himachal pradesh",,1.0,1.926834991
aligarh,"himachal pradesh, uttar pradesh",,1.0,1.926834991
aligarh,"himachal pradesh, uttar pradesh, bihar,  west bengal",,1.0,1.926834991
aligarh,"jammu and kashmir, punjab, uttar pradesh, assam,  arunachal pradesh",,1.0,1.926834991
aligarh,"kerala, rajasthan, haryana, uttar pradesh, bihar",,1.0,1.926834991
aligarh,"odisha, bihar, uttar pradesh, madhya pradesh, rajasthan, haryana",,1.0,1.926834991
aligarh,"rajasthan, bihar, madhya pradesh, gujarat, maharashtra, uttar pradesh",,1.0,1.926834991
aligarh,"rajasthan, punjab, uttar pradesh",,1.0,1.926834991
aligarh,uttar pradesh,0.576506610606117,16.0,1.926834991
aligarh,"uttar pradesh , assam , bihar , west bengal, kerala",,1.0,1.926834991
aligarh,"uttar pradesh, bihar,  assam",,1.0,1.926834991
aligarh,"uttar pradesh, bihar, odisha, west bengal",,1.0,1.926834991
aligarh,"uttar pradesh, east rajasthan",,1.0,1.926834991
aligarh,"uttar pradesh, uttarakhand",,1.0,1.926834991
aligarh,"uttar pradesh, west bengal, bihar",,1.0,1.926834991
alirajpur,"andhra pradesh, madhya pradesh",,1.0,0.133752635
alirajpur,madhya pradesh,,8.0,0.133752635
alirajpur,"madhya pradesh,  chhattisgarh",,2.0,0.133752635
alirajpur,"madhya pradesh, punjab, haryana, west bengal",,1.0,0.133752635
alirajpur,"odisha, bihar, uttar pradesh, madhya pradesh, rajasthan, haryana",,1.0,0.133752635
alirajpur,"rajasthan, bihar, madhya pradesh, gujarat, maharashtra, uttar pradesh",,1.0,0.133752635
allahabad,uttar pradesh,0.657827460298537,0.0,0.0
almora,uttar pradesh,,5.0,0.648573243
almora,"uttar pradesh , uttarakhand",,1.0,0.648573243
almora,"uttar pradesh, uttarakhand",,2.0,0.648573243
almora,uttarakhand,,12.0,0.648573243
almorah,uttarakhand,0.8104337976112262,0.0,0.0
alwar,"kerala, rajasthan, haryana, uttar pradesh, bihar",,1.0,0.342475289
alwar,"odisha, bihar, uttar pradesh, madhya pradesh, rajasthan, haryana",,1.0,0.342475289
alwar,"odisha, rajasthan",,1.0,0.342475289
alwar,rajasthan,0.6054298573774266,33.0,0.342475289
alwar,"rajasthan, bihar, madhya pradesh, gujarat, maharashtra, uttar pradesh",,1.0,0.342475289
alwar,"rajasthan, punjab, uttar pradesh",,1.0,0.342475289
amarawati,maharashtra,0.8295026642362154,0.0,0.0
ambala,haryana,0.4467110602022074,29.0,4.251029067
ambala,himachal pradesh,,1.0,4.251029067
ambala,"kerala, rajasthan, haryana, uttar pradesh, bihar",,1.0,4.251029067
ambala,"madhya pradesh, punjab, haryana, west bengal",,1.0,4.251029067
ambala,"odisha, bihar, uttar pradesh, madhya pradesh, rajasthan, haryana",,1.0,4.251029067
ambedkar nagar,"bihar, uttar pradesh, west bengal, himachal pradesh",,1.0,3.462697948
ambedkar nagar,"himachal pradesh, uttar pradesh",,1.0,3.462697948
ambedkar nagar,"himachal pradesh, uttar pradesh, bihar,  west bengal",,1.0,3.462697948
ambedkar nagar,"jammu and kashmir, punjab, uttar pradesh, assam,  arunachal pradesh",,1.0,3.462697948
ambedkar nagar,"kerala, rajasthan, haryana, uttar pradesh, bihar",,1.0,3.462697948
ambedkar nagar,"odisha, bihar, uttar pradesh, madhya pradesh, rajasthan, haryana",,1.0,3.462697948
ambedkar nagar,"rajasthan, bihar, madhya pradesh, gujarat, maharashtra, uttar pradesh",,1.0,3.462697948
ambedkar nagar,"rajasthan, punjab, uttar pradesh",,1.0,3.462697948
ambedkar nagar,uttar pradesh,,19.0,3.462697948
ambedkar nagar,"uttar pradesh , assam , bihar , west bengal, kerala",,1.0,3.462697948
ambedkar nagar,"uttar pradesh, bihar,  assam",,1.0,3.462697948
ambedkar nagar,"uttar pradesh, bihar, odisha, west bengal",,1.0,3.462697948
ambedkar nagar,"uttar pradesh, east rajasthan",,1.0,3.462697948
ambedkar nagar,"uttar pradesh, west bengal, bihar",,1.0,3.462697948
amethi,"bihar, uttar pradesh, west bengal, himachal pradesh",,1.0,2.870234132
amethi,"himachal pradesh, uttar pradesh",,1.0,2.870234132
amethi,"himachal pradesh, uttar pradesh, bihar,  west bengal",,1.0,2.870234132
amethi,"jammu and kashmir, punjab, uttar pradesh, assam,  arunachal pradesh",,1.0,2.870234132
amethi,"kerala, rajasthan, haryana, uttar pradesh, bihar",,1.0,2.870234132
amethi,"odisha, bihar, uttar pradesh, madhya pradesh, rajasthan, haryana",,1.0,2.870234132
amethi,"rajasthan, bihar, madhya pradesh, gujarat, maharashtra, uttar pradesh",,1.0,2.870234132
amethi,"rajasthan, punjab, uttar pradesh",,1.0,2.870234132
amethi,uttar pradesh,,20.0,2.870234132
amethi,"uttar pradesh , assam , bihar , west bengal, kerala",,1.0,2.870234132
amethi,"uttar pradesh, bihar,  assam",,1.0,2.870234132
amethi,"uttar pradesh, bihar, odisha, west bengal",,1.0,2.870234132
amethi,"uttar pradesh, east rajasthan",,1.0,2.870234132
amethi,"uttar pradesh, west bengal, bihar",,1.0,2.870234132
amravati,"bihar, maharashtra",,1.0,0.680336027
amravati,maharashtra,,77.0,0.680336027
amravati,"maharashtra, telangana",,1.0,0.680336027
amravati,"rajasthan, bihar, madhya pradesh, gujarat, maharashtra, uttar pradesh",,1.0,0.680336027
amreli,gujarat,0.6815178621868057,38.0,0.09592198
amreli,"rajasthan, bihar, madhya pradesh, gujarat, maharashtra, uttar pradesh",,1.0,0.09592198
amritsar,"jammu and kashmir, delhi, punjab",,1.0,2.558209055
amritsar,"jammu and kashmir, punjab, uttar pradesh, assam,  arunachal pradesh",,1.0,2.558209055
amritsar,"madhya pradesh, punjab, haryana, west bengal",,1.0,2.558209055
amritsar,punjab,0.3921584826946674,45.0,2.558209055
amritsar,"rajasthan, punjab, uttar pradesh",,1.0,2.558209055
amroha,"bihar, uttar pradesh, west bengal, himachal pradesh",,1.0,3.74795481
amroha,"himachal pradesh, uttar pradesh",,1.0,3.74795481
amroha,"himachal pradesh, uttar pradesh, bihar,  west bengal",,1.0,3.74795481
amroha,"jammu and kashmir, punjab, uttar pradesh, assam,  arunachal pradesh",,1.0,3.74795481
amroha,"kerala, rajasthan, haryana, uttar pradesh, bihar",,1.0,3.74795481
amroha,"odisha, bihar, uttar pradesh, madhya pradesh, rajasthan, haryana",,1.0,3.74795481
amroha,"rajasthan, bihar, madhya pradesh, gujarat, maharashtra, uttar pradesh",,1.0,3.74795481
amroha,"rajasthan, punjab, uttar pradesh",,1.0,3.74795481
amroha,uttar pradesh,,15.0,3.74795481
amroha,"uttar pradesh , assam , bihar , west bengal, kerala",,1.0,3.74795481
amroha,"uttar pradesh , uttarakhand",,1.0,3.74795481
amroha,"uttar pradesh, bihar,  assam",,1.0,3.74795481
amroha,"uttar pradesh, bihar, odisha, west bengal",,1.0,3.74795481
amroha,"uttar pradesh, east rajasthan",,1.0,3.74795481
amroha,"uttar pradesh, west bengal, bihar",,1.0,3.74795481
anand,gujarat,,15.0,5.403718781
anand,"rajasthan, bihar, madhya pradesh, gujarat, maharashtra, uttar pradesh",,1.0,5.403718781
ananthapur,andhra pradesh,0.7421271021584935,0.0,0.0
ananthapuramu,andhra pradesh,,2.0,0.0
ananthapuramuamu,andhra pradesh,,14.0,0.0
ananthapuramuamu,"andhra pradesh, madhya pradesh",,1.0,0.0
ananthapuramuamu,punjab,,1.0,0.0
anantnag,jammu & kashmir,,7.0,0.30280149
anantnag,jammu and kashmir,,27.0,0.30280149
anantnag,"jammu and kashmir, delhi, punjab",,1.0,0.30280149
anantnag,"jammu and kashmir, punjab, uttar pradesh, assam,  arunachal pradesh",,1.0,0.30280149
anjaw,arunachal pradesh,,20.0,1.347748917
anjaw,"jammu and kashmir, punjab, uttar pradesh, assam,  arunachal pradesh",,1.0,1.347748917
anugul,"assam, odisha, west bengal, bihar",,1.0,0.272277764
anugul,"bihar, odisha, west bengal, assam, andhra pradesh",,1.0,0.272277764
anugul,madhya pradesh,,1.0,0.272277764
anugul,odisha,,18.0,0.272277764
anugul,"odisha, bihar, assam, west bengal",,1.0,0.272277764
anugul,"odisha, bihar, uttar pradesh, madhya pradesh, rajasthan, haryana",,1.0,0.272277764
anugul,"odisha, rajasthan",,1.0,0.272277764
anugul,"uttar pradesh, bihar, odisha, west bengal",,1.0,0.272277764
anuppur,"andhra pradesh, madhya pradesh",,1.0,0.52747384
anuppur,madhya pradesh,,6.0,0.52747384
anuppur,"madhya pradesh, punjab, haryana, west bengal",,1.0,0.52747384
anuppur,"odisha, bihar, uttar pradesh, madhya pradesh, rajasthan, haryana",,1.0,0.52747384
anuppur,"rajasthan, bihar, madhya pradesh, gujarat, maharashtra, uttar pradesh",,1.0,0.52747384
araria,bihar,,28.0,6.399493143
araria,"bihar, jharkhand",,1.0,6.399493143
araria,"bihar, maharashtra",,1.0,6.399493143
araria,"bihar, odisha, west bengal, assam, andhra pradesh",,1.0,6.399493143
araria,"bihar, uttar pradesh, west bengal, himachal pradesh",,1.0,6.399493143
araria,"bihar, west bengal",,1.0,6.399493143
araria,"himachal pradesh, uttar pradesh, bihar,  west bengal",,1.0,6.399493143
araria,"kerala, rajasthan, haryana, uttar pradesh, bihar",,1.0,6.399493143
araria,"odisha, bihar, assam, west bengal",,1.0,6.399493143
araria,"odisha, bihar, uttar pradesh, madhya pradesh, rajasthan, haryana",,1.0,6.399493143
araria,"rajasthan, bihar, madhya pradesh, gujarat, maharashtra, uttar pradesh",,1.0,6.399493143
araria,"uttar pradesh , assam , bihar , west bengal, kerala",,1.0,6.399493143
araria,"uttar pradesh, bihar",,1.0,6.399493143
araria,"uttar pradesh, bihar,  assam",,1.0,6.399493143
araria,"uttar pradesh, bihar, odisha, west bengal",,1.0,6.399493143
araria,"west bengal, bihar",,1.0,6.399493143
ariyalur,tamil nadu,,14.0,2.363517119
arvalli,gujarat,,14.0,0.0
arvalli,"rajasthan, bihar, madhya pradesh, gujarat, maharashtra, uttar pradesh",,1.0,0.0
arwal,bihar,,20.0,21.67630991
arwal,"bihar, maharashtra",,1.0,21.67630991
arwal,"bihar, odisha, west bengal, assam, andhra pradesh",,1.0,21.67630991
arwal,"bihar, uttar pradesh, west bengal, himachal pradesh",,1.0,21.67630991
arwal,"bihar, west bengal",,1.0,21.67630991
arwal,"himachal pradesh, uttar pradesh, bihar,  west bengal",,1.0,21.67630991
arwal,"kerala, rajasthan, haryana, uttar pradesh, bihar",,1.0,21.67630991
arwal,"odisha, bihar, assam, west bengal",,1.0,21.67630991
arwal,"odisha, bihar, uttar pradesh, madhya pradesh, rajasthan, haryana",,1.0,21.67630991
arwal,"rajasthan, bihar, madhya pradesh, gujarat, maharashtra, uttar pradesh",,1.0,21.67630991
arwal,"uttar pradesh , assam , bihar , west bengal, kerala",,1.0,21.67630991
arwal,"uttar pradesh, bihar,  assam",,1.0,21.67630991
arwal,"uttar pradesh, bihar, odisha, west bengal",,1.0,21.67630991
arwal,"west bengal, bihar",,1.0,21.67630991
ashoknagar,"andhra pradesh, madhya pradesh",,1.0,0.219773318
ashoknagar,madhya pradesh,,9.0,0.219773318
ashoknagar,"madhya pradesh, punjab, haryana, west bengal",,1.0,0.219773318
ashoknagar,"odisha, bihar, uttar pradesh, madhya pradesh, rajasthan, haryana",,1.0,0.219773318
ashoknagar,"rajasthan, bihar, madhya pradesh, gujarat, maharashtra, uttar pradesh",,1.0,0.219773318
auraiya,"bihar, uttar pradesh, west bengal, himachal pradesh",,1.0,6.662660657
auraiya,"himachal pradesh, uttar pradesh",,1.0,6.662660657
auraiya,"himachal pradesh, uttar pradesh, bihar,  west bengal",,1.0,6.662660657
auraiya,"jammu and kashmir, punjab, uttar pradesh, assam,  arunachal pradesh",,1.0,6.662660657
auraiya,"kerala, rajasthan, haryana, uttar pradesh, bihar",,1.0,6.662660657
auraiya,"odisha, bihar, uttar pradesh, madhya pradesh, rajasthan, haryana",,1.0,6.662660657
auraiya,"rajasthan, bihar, madhya pradesh, gujarat, maharashtra, uttar pradesh",,1.0,6.662660657
auraiya,"rajasthan, punjab, uttar pradesh",,1.0,6.662660657
auraiya,uttar pradesh,,15.0,6.662660657
auraiya,"uttar pradesh , assam , bihar , west bengal, kerala",,1.0,6.662660657
auraiya,"uttar pradesh , uttarakhand",,1.0,6.662660657
auraiya,"uttar pradesh, bihar,  assam",,1.0,6.662660657
auraiya,"uttar pradesh, bihar, odisha, west bengal",,1.0,6.662660657
auraiya,"uttar pradesh, east rajasthan",,1.0,6.662660657
auraiya,"uttar pradesh, west bengal, bihar",,1.0,6.662660657
aurangabad,bihar,,21.0,2.54951557
aurangabad,"bihar, maharashtra",,2.0,2.54951557
aurangabad,"bihar, odisha, west bengal, assam, andhra pradesh",,1.0,2.54951557
aurangabad,"bihar, uttar pradesh, west bengal, himachal pradesh",,1.0,2.54951557
aurangabad,"bihar, west bengal",,1.0,2.54951557
aurangabad,"himachal pradesh, uttar pradesh, bihar,  west bengal",,1.0,2.54951557
aurangabad,"kerala, rajasthan, haryana, uttar pradesh, bihar",,1.0,2.54951557
aurangabad,maharashtra,0.8397277806996154,54.0,2.54951557
aurangabad,"maharashtra, telangana",,1.0,2.54951557
aurangabad,"odisha, bihar, assam, west bengal",,1.0,2.54951557
aurangabad,"odisha, bihar, uttar pradesh, madhya pradesh, rajasthan, haryana",,1.0,2.54951557
aurangabad,"rajasthan, bihar, madhya pradesh, gujarat, maharashtra, uttar pradesh",,2.0,2.54951557
aurangabad,"uttar pradesh , assam , bihar , west bengal, kerala",,1.0,2.54951557
aurangabad,"uttar pradesh, bihar,  assam",,1.0,2.54951557
aurangabad,"uttar pradesh, bihar, odisha, west bengal",,1.0,2.54951557
aurangabad,"west bengal, bihar",,1.0,2.54951557
ayodhya,"bihar, uttar pradesh, west bengal, himachal pradesh",,1.0,0.0
ayodhya,"himachal pradesh, uttar pradesh",,1.0,0.0
ayodhya,"himachal pradesh, uttar pradesh, bihar,  west bengal",,1.0,0.0
ayodhya,"jammu and kashmir, punjab, uttar pradesh, assam,  arunachal pradesh",,1.0,0.0
ayodhya,"kerala, rajasthan, haryana, uttar pradesh, bihar",,1.0,0.0
ayodhya,"odisha, bihar, uttar pradesh, madhya pradesh, rajasthan, haryana",,1.0,0.0
ayodhya,"rajasthan, bihar, madhya pradesh, gujarat, maharashtra, uttar pradesh",,1.0,0.0
ayodhya,"rajasthan, punjab, uttar pradesh",,1.0,0.0
ayodhya,uttar pradesh,,41.0,0.0
ayodhya,"uttar pradesh , assam , bihar , west bengal, kerala",,1.0,0.0
ayodhya,"uttar pradesh , uttarakhand",,1.0,0.0
ayodhya,"uttar pradesh, bihar,  assam",,1.0,0.0
ayodhya,"uttar pradesh, bihar, odisha, west bengal",,1.0,0.0
ayodhya,"uttar pradesh, east rajasthan",,1.0,0.0
ayodhya,"uttar pradesh, uttarakhand",,2.0,0.0
ayodhya,"uttar pradesh, west bengal, bihar",,1.0,0.0
azamgarh,"bihar, uttar pradesh, west bengal, himachal pradesh",,1.0,6.011964431
azamgarh,"himachal pradesh, uttar pradesh",,1.0,6.011964431
azamgarh,"himachal pradesh, uttar pradesh, bihar,  west bengal",,1.0,6.011964431
azamgarh,"jammu and kashmir, punjab, uttar pradesh, assam,  arunachal pradesh",,1.0,6.011964431
azamgarh,"kerala, rajasthan, haryana, uttar pradesh, bihar",,1.0,6.011964431
azamgarh,"odisha, bihar, uttar pradesh, madhya pradesh, rajasthan, haryana",,1.0,6.011964431
azamgarh,"rajasthan, bihar, madhya pradesh, gujarat, maharashtra, uttar pradesh",,1.0,6.011964431
azamgarh,"rajasthan, punjab, uttar pradesh",,1.0,6.011964431
azamgarh,uttar pradesh,0.6510866684060177,34.0,6.011964431
azamgarh,"uttar pradesh , assam , bihar , west bengal, kerala",,1.0,6.011964431
azamgarh,"uttar pradesh , uttarakhand",,1.0,6.011964431
azamgarh,"uttar pradesh, bihar,  assam",,1.0,6.011964431
azamgarh,"uttar pradesh, bihar, odisha, west bengal",,1.0,6.011964431
azamgarh,"uttar pradesh, east rajasthan",,1.0,6.011964431
azamgarh,"uttar pradesh, uttarakhand",,4.0,6.011964431
azamgarh,"uttar pradesh, west bengal, bihar",,1.0,6.011964431
bagalkote,karnataka,,3.0,0.002398667
bagalkotee,karnataka,,18.0,0.0
bagalkotee,"karnataka, kerala",,1.0,0.0
bagalkotee,"kerala, karnataka",,1.0,0.0
bagalkotee ballari,karnataka,,1.0,0.0
bagalkotee belagavi,karnataka,,5.0,0.0
bagalkotee bengaluru urban,karnataka,,3.0,0.0
bagalkotee udupi,karnataka,,1.0,0.0
bagalkoteebijapur,karnataka,,1.0,0.0
bageshwar,uttar pradesh,,2.0,0.570769802
bageshwar,"uttar pradesh, uttarakhand",,2.0,0.570769802
bageshwar,uttarakhand,,8.0,0.570769802
baghpat,"bihar, uttar pradesh, west bengal, himachal pradesh",,1.0,4.30209073
baghpat,"himachal pradesh, uttar pradesh",,1.0,4.30209073
baghpat,"himachal pradesh, uttar pradesh, bihar,  west bengal",,1.0,4.30209073
baghpat,"jammu and kashmir, punjab, uttar pradesh, assam,  arunachal pradesh",,1.0,4.30209073
baghpat,"kerala, rajasthan, haryana, uttar pradesh, bihar",,1.0,4.30209073
baghpat,"odisha, bihar, uttar pradesh, madhya pradesh, rajasthan, haryana",,1.0,4.30209073
baghpat,"rajasthan, bihar, madhya pradesh, gujarat, maharashtra, uttar pradesh",,1.0,4.30209073
baghpat,"rajasthan, punjab, uttar pradesh",,1.0,4.30209073
baghpat,uttar pradesh,,14.0,4.30209073
baghpat,"uttar pradesh , assam , bihar , west bengal, kerala",,1.0,4.30209073
baghpat,"uttar pradesh , uttarakhand",,1.0,4.30209073
baghpat,"uttar pradesh, bihar,  assam",,1.0,4.30209073
baghpat,"uttar pradesh, bihar, odisha, west bengal",,1.0,4.30209073
baghpat,"uttar pradesh, east rajasthan",,1.0,4.30209073
baghpat,"uttar pradesh, west bengal, bihar",,1.0,4.30209073
bahraich,"bihar, uttar pradesh, west bengal, himachal pradesh",,1.0,3.679886741
bahraich,"himachal pradesh, uttar pradesh",,1.0,3.679886741
bahraich,"himachal pradesh, uttar pradesh, bihar,  west bengal",,1.0,3.679886741
bahraich,"jammu and kashmir, punjab, uttar pradesh, assam,  arunachal pradesh",,1.0,3.679886741
bahraich,"kerala, rajasthan, haryana, uttar pradesh, bihar",,1.0,3.679886741
bahraich,"odisha, bihar, uttar pradesh, madhya pradesh, rajasthan, haryana",,1.0,3.679886741
bahraich,"rajasthan, bihar, madhya pradesh, gujarat, maharashtra, uttar pradesh",,1.0,3.679886741
bahraich,"rajasthan, punjab, uttar pradesh",,1.0,3.679886741
bahraich,uttar pradesh,0.6763077743932395,52.0,3.679886741
bahraich,"uttar pradesh , assam , bihar , west bengal, kerala",,1.0,3.679886741
bahraich,"uttar pradesh , uttarakhand",,1.0,3.679886741
bahraich,"uttar pradesh, bihar",,1.0,3.679886741
bahraich,"uttar pradesh, bihar,  assam",,1.0,3.679886741
bahraich,"uttar pradesh, bihar, odisha, west bengal",,1.0,3.679886741
bahraich,"uttar pradesh, east rajasthan",,1.0,3.679886741
bahraich,"uttar pradesh, uttarakhand",,5.0,3.679886741
bahraich,"uttar pradesh, west bengal, bihar",,1.0,3.679886741
baksa,assam,,134.0,3.732064694
baksa,"assam, odisha, west bengal, bihar",,1.0,3.732064694
baksa,"jammu and kashmir, punjab, uttar pradesh, assam,  arunachal pradesh",,1.0,3.732064694
baksa,"odisha, bihar, assam, west bengal",,1.0,3.732064694
baksa,"uttar pradesh , assam , bihar , west bengal, kerala",,1.0,3.732064694
baksa,"uttar pradesh, bihar,  assam",,1.0,3.732064694
balaghat,"andhra pradesh, madhya pradesh",,1.0,1.072556027
balaghat,madhya pradesh,0.805780844408298,18.0,1.072556027
balaghat,"madhya pradesh,  chhattisgarh",,3.0,1.072556027
balaghat,"madhya pradesh, punjab, haryana, west bengal",,1.0,1.072556027
balaghat,"odisha, bihar, uttar pradesh, madhya pradesh, rajasthan, haryana",,1.0,1.072556027
balaghat,"rajasthan, bihar, madhya pradesh, gujarat, maharashtra, uttar pradesh",,1.0,1.072556027
balangir,"assam, odisha, west bengal, bihar",,1.0,1.095326967
balangir,"bihar, odisha, west bengal, assam, andhra pradesh",,1.0,1.095326967
balangir,madhya pradesh,,1.0,1.095326967
balangir,odisha,,13.0,1.095326967
balangir,"odisha, bihar, assam, west bengal",,1.0,1.095326967
balangir,"odisha, bihar, uttar pradesh, madhya pradesh, rajasthan, haryana",,1.0,1.095326967
balangir,"odisha, rajasthan",,1.0,1.095326967
balangir,"uttar pradesh, bihar, odisha, west bengal",,1.0,1.095326967
balasore,orissa,0.7209784717482941,0.0,0.0
baleshwar,"assam, odisha, west bengal, bihar",,1.0,8.765273065
baleshwar,"bihar, odisha, west bengal, assam, andhra pradesh",,1.0,8.765273065
baleshwar,madhya pradesh,,1.0,8.765273065
baleshwar,odisha,,46.0,8.765273065
baleshwar,"odisha, bihar, assam, west bengal",,1.0,8.765273065
baleshwar,"odisha, bihar, uttar pradesh, madhya pradesh, rajasthan, haryana",,1.0,8.765273065
baleshwar,"odisha, rajasthan",,1.0,8.765273065
baleshwar,"uttar pradesh, bihar, odisha, west bengal",,1.0,8.765273065
ballari,karnataka,,56.0,0.548620386
ballari,"karnataka, kerala",,1.0,0.548620386
ballari,"kerala, karnataka",,1.0,0.548620386
ballia,bihar,,1.0,13.30007152
ballia,"bihar, uttar pradesh, west bengal, himachal pradesh",,1.0,13.30007152
ballia,"himachal pradesh, uttar pradesh",,1.0,13.30007152
ballia,"himachal pradesh, uttar pradesh, bihar,  west bengal",,1.0,13.30007152
ballia,"jammu and kashmir, punjab, uttar pradesh, assam,  arunachal pradesh",,1.0,13.30007152
ballia,"kerala, rajasthan, haryana, uttar pradesh, bihar",,1.0,13.30007152
ballia,"odisha, bihar, uttar pradesh, madhya pradesh, rajasthan, haryana",,1.0,13.30007152
ballia,"rajasthan, bihar, madhya pradesh, gujarat, maharashtra, uttar pradesh",,1.0,13.30007152
ballia,"rajasthan, punjab, uttar pradesh",,1.0,13.30007152
ballia,uttar pradesh,0.656116677238221,44.0,13.30007152
ballia,"uttar pradesh , assam , bihar , west bengal, kerala",,1.0,13.30007152
ballia,"uttar pradesh , uttarakhand",,1.0,13.30007152
ballia,"uttar pradesh, bihar,  assam",,1.0,13.30007152
ballia,"uttar pradesh, bihar, odisha, west bengal",,1.0,13.30007152
ballia,"uttar pradesh, east rajasthan",,1.0,13.30007152
ballia,"uttar pradesh, uttarakhand",,6.0,13.30007152
ballia,"uttar pradesh, west bengal, bihar",,1.0,13.30007152
balod,chhattisgarh,,1.0,0.024923064
balodabazar-bhatapara,chhattisgarh,,1.0,0.0
balrampur,"bihar, uttar pradesh, west bengal, himachal pradesh",,1.0,4.374910001
balrampur,chhattisgarh,,1.0,4.374910001
balrampur,"himachal pradesh, uttar pradesh",,1.0,4.374910001
balrampur,"himachal pradesh, uttar pradesh, bihar,  west bengal",,1.0,4.374910001
balrampur,"jammu and kashmir, punjab, uttar pradesh, assam,  arunachal pradesh",,1.0,4.374910001
balrampur,"kerala, rajasthan, haryana, uttar pradesh, bihar",,1.0,4.374910001
balrampur,"odisha, bihar, uttar pradesh, madhya pradesh, rajasthan, haryana",,1.0,4.374910001
balrampur,"rajasthan, bihar, madhya pradesh, gujarat, maharashtra, uttar pradesh",,1.0,4.374910001
balrampur,"rajasthan, punjab, uttar pradesh",,1.0,4.374910001
balrampur,uttar pradesh,,23.0,4.374910001
balrampur,"uttar pradesh , assam , bihar , west bengal, kerala",,1.0,4.374910001
balrampur,"uttar pradesh, bihar,  assam",,1.0,4.374910001
balrampur,"uttar pradesh, bihar, odisha, west bengal",,1.0,4.374910001
balrampur,"uttar pradesh, east rajasthan",,1.0,4.374910001
balrampur,"uttar pradesh, west bengal, bihar",,1.0,4.374910001
banas kantha,gujarat,,22.0,0.567783602
banas kantha,"rajasthan, bihar, madhya pradesh, gujarat, maharashtra, uttar pradesh",,1.0,0.567783602
banaskantha,gujarat,0.7244174015556183,0.0,0.0
banda,"bihar, uttar pradesh, west bengal, himachal pradesh",,1.0,6.313682456
banda,"himachal pradesh, uttar pradesh",,1.0,6.313682456
banda,"himachal pradesh, uttar pradesh, bihar,  west bengal",,1.0,6.313682456
banda,"jammu and kashmir, punjab, uttar pradesh, assam,  arunachal pradesh",,1.0,6.313682456
banda,"kerala, rajasthan, haryana, uttar pradesh, bihar",,1.0,6.313682456
banda,"odisha, bihar, uttar pradesh, madhya pradesh, rajasthan, haryana",,1.0,6.313682456
banda,"rajasthan, bihar, madhya pradesh, gujarat, maharashtra, uttar pradesh",,1.0,6.313682456
banda,"rajasthan, punjab, uttar pradesh",,1.0,6.313682456
banda,uttar pradesh,0.775234868922881,20.0,6.313682456
banda,"uttar pradesh , assam , bihar , west bengal, kerala",,1.0,6.313682456
banda,"uttar pradesh, bihar,  assam",,1.0,6.313682456
banda,"uttar pradesh, bihar, odisha, west bengal",,1.0,6.313682456
banda,"uttar pradesh, east rajasthan",,1.0,6.313682456
banda,"uttar pradesh, uttarakhand",,1.0,6.313682456
banda,"uttar pradesh, west bengal, bihar",,1.0,6.313682456
bandipora,jammu & kashmir,,2.0,0.0
bandipora,jammu and kashmir,,14.0,0.0
bandipora,"jammu and kashmir, delhi, punjab",,1.0,0.0
bandipora,"jammu and kashmir, punjab, uttar pradesh, assam,  arunachal pradesh",,1.0,0.0
bangalore,karnataka,0.7304864075270054,0.0,0.114566985
banka,bihar,,22.0,1.685961495
banka,"bihar, maharashtra",,1.0,1.685961495
banka,"bihar, odisha, west bengal, assam, andhra pradesh",,1.0,1.685961495
banka,"bihar, uttar pradesh, west bengal, himachal pradesh",,1.0,1.685961495
banka,"bihar, west bengal",,1.0,1.685961495
banka,"himachal pradesh, uttar pradesh, bihar,  west bengal",,1.0,1.685961495
banka,"kerala, rajasthan, haryana, uttar pradesh, bihar",,1.0,1.685961495
banka,"odisha, bihar, assam, west bengal",,1.0,1.685961495
banka,"odisha, bihar, uttar pradesh, madhya pradesh, rajasthan, haryana",,1.0,1.685961495
banka,"rajasthan, bihar, madhya pradesh, gujarat, maharashtra, uttar pradesh",,1.0,1.685961495
banka,"uttar pradesh , assam , bihar , west bengal, kerala",,1.0,1.685961495
banka,"uttar pradesh, bihar,  assam",,1.0,1.685961495
banka,"uttar pradesh, bihar, odisha, west bengal",,1.0,1.685961495
banka,"west bengal, bihar",,1.0,1.685961495
bankura,"assam, odisha, west bengal, bihar",,1.0,1.401768891
bankura,"bihar, odisha, west bengal, assam, andhra pradesh",,1.0,1.401768891
bankura,"bihar, uttar pradesh, west bengal, himachal pradesh",,1.0,1.401768891
bankura,"bihar, west bengal",,1.0,1.401768891
bankura,"himachal pradesh, uttar pradesh, bihar,  west bengal",,1.0,1.401768891
bankura,"madhya pradesh, punjab, haryana, west bengal",,1.0,1.401768891
bankura,"odisha, bihar, assam, west bengal",,1.0,1.401768891
bankura,"uttar pradesh , assam , bihar , west bengal, kerala",,1.0,1.401768891
bankura,"uttar pradesh, bihar, odisha, west bengal",,1.0,1.401768891
bankura,"uttar pradesh, west bengal, bihar",,1.0,1.401768891
bankura,west bengal,0.6144618165216681,11.0,1.401768891
banswara,"kerala, rajasthan, haryana, uttar pradesh, bihar",,1.0,0.016887325
banswara,"odisha, bihar, uttar pradesh, madhya pradesh, rajasthan, haryana",,1.0,0.016887325
banswara,"odisha, rajasthan",,1.0,0.016887325
banswara,rajasthan,0.7641047307744637,23.0,0.016887325
banswara,"rajasthan, bihar, madhya pradesh, gujarat, maharashtra, uttar pradesh",,1.0,0.016887325
banswara,"rajasthan, punjab, uttar pradesh",,1.0,0.016887325
bara banki,"bihar, uttar pradesh, west bengal, himachal pradesh",,1.0,2.865516793
bara banki,"himachal pradesh, uttar pradesh",,1.0,2.865516793
bara banki,"himachal pradesh, uttar pradesh, bihar,  west bengal",,1.0,2.865516793
bara banki,"jammu and kashmir, punjab, uttar pradesh, assam,  arunachal pradesh",,1.0,2.865516793
bara banki,"kerala, rajasthan, haryana, uttar pradesh, bihar",,1.0,2.865516793
bara banki,"odisha, bihar, uttar pradesh, madhya pradesh, rajasthan, haryana",,1.0,2.865516793
bara banki,"rajasthan, bihar, madhya pradesh, gujarat, maharashtra, uttar pradesh",,1.0,2.865516793
bara banki,"rajasthan, punjab, uttar pradesh",,1.0,2.865516793
bara banki,uttar pradesh,,54.0,2.865516793
bara banki,"uttar pradesh , assam , bihar , west bengal, kerala",,1.0,2.865516793
bara banki,"uttar pradesh, bihar,  assam",,1.0,2.865516793
bara banki,"uttar pradesh, bihar, odisha, west bengal",,1.0,2.865516793
bara banki,"uttar pradesh, east rajasthan",,1.0,2.865516793
bara banki,"uttar pradesh, uttarakhand",,4.0,2.865516793
bara banki,"uttar pradesh, west bengal, bihar",,1.0,2.865516793
barabanki,uttar pradesh,0.5961865932906916,0.0,0.0
baramulla,jammu & kashmir,,7.0,0.0
baramulla,jammu and kashmir,,22.0,0.0
baramulla,"jammu and kashmir, delhi, punjab",,1.0,0.0
baramulla,"jammu and kashmir, punjab, uttar pradesh, assam,  arunachal pradesh",,1.0,0.0
baran,"kerala, rajasthan, haryana, uttar pradesh, bihar",,1.0,2.425109248
baran,"odisha, bihar, uttar pradesh, madhya pradesh, rajasthan, haryana",,1.0,2.425109248
baran,"odisha, rajasthan",,1.0,2.425109248
baran,rajasthan,,22.0,2.425109248
baran,"rajasthan, bihar, madhya pradesh, gujarat, maharashtra, uttar pradesh",,1.0,2.425109248
baran,"rajasthan, punjab, uttar pradesh",,1.0,2.425109248
bareilly,"bihar, uttar pradesh, west bengal, himachal pradesh",,1.0,4.170101962
bareilly,"himachal pradesh, uttar pradesh",,1.0,4.170101962
bareilly,"himachal pradesh, uttar pradesh, bihar,  west bengal",,1.0,4.170101962
bareilly,"jammu and kashmir, punjab, uttar pradesh, assam,  arunachal pradesh",,1.0,4.170101962
bareilly,"kerala, rajasthan, haryana, uttar pradesh, bihar",,1.0,4.170101962
bareilly,"odisha, bihar, uttar pradesh, madhya pradesh, rajasthan, haryana",,1.0,4.170101962
bareilly,"rajasthan, bihar, madhya pradesh, gujarat, maharashtra, uttar pradesh",,1.0,4.170101962
bareilly,"rajasthan, punjab, uttar pradesh",,1.0,4.170101962
bareilly,uttar pradesh,0.6141864660016975,28.0,4.170101962
bareilly,"uttar pradesh , assam , bihar , west bengal, kerala",,1.0,4.170101962
bareilly,"uttar pradesh , uttarakhand",,1.0,4.170101962
bareilly,"uttar pradesh, bihar,  assam",,1.0,4.170101962
bareilly,"uttar pradesh, bihar, odisha, west bengal",,1.0,4.170101962
bareilly,"uttar pradesh, east rajasthan",,1.0,4.170101962
bareilly,"uttar pradesh, uttarakhand",,1.0,4.170101962
bareilly,"uttar pradesh, west bengal, bihar",,1.0,4.170101962
bargarh,"assam, odisha, west bengal, bihar",,1.0,0.036098632
bargarh,"bihar, odisha, west bengal, assam, andhra pradesh",,1.0,0.036098632
bargarh,madhya pradesh,,1.0,0.036098632
bargarh,odisha,,25.0,0.036098632
bargarh,"odisha, bihar, assam, west bengal",,1.0,0.036098632
bargarh,"odisha, bihar, uttar pradesh, madhya pradesh, rajasthan, haryana",,1.0,0.036098632
bargarh,"odisha, rajasthan",,1.0,0.036098632
bargarh,"uttar pradesh, bihar, odisha, west bengal",,1.0,0.036098632
barmer,"kerala, rajasthan, haryana, uttar pradesh, bihar",,1.0,0.873995809
barmer,"odisha, bihar, uttar pradesh, madhya pradesh, rajasthan, haryana",,1.0,0.873995809
barmer,"odisha, rajasthan",,1.0,0.873995809
barmer,rajasthan,0.8347147533528707,19.0,0.873995809
barmer,"rajasthan, bihar, madhya pradesh, gujarat, maharashtra, uttar pradesh",,1.0,0.873995809
barmer,"rajasthan, punjab, uttar pradesh",,1.0,0.873995809
barnala,"jammu and kashmir, delhi, punjab",,1.0,1.6671773
barnala,"jammu and kashmir, punjab, uttar pradesh, assam,  arunachal pradesh",,1.0,1.6671773
barnala,"madhya pradesh, punjab, haryana, west bengal",,1.0,1.6671773
barnala,punjab,,19.0,1.6671773
barnala,"rajasthan, punjab, uttar pradesh",,1.0,1.6671773
barpeta,assam,,160.0,10.48787247
barpeta,"assam, odisha, west bengal, bihar",,1.0,10.48787247
barpeta,"jammu and kashmir, punjab, uttar pradesh, assam,  arunachal pradesh",,1.0,10.48787247
barpeta,"odisha, bihar, assam, west bengal",,1.0,10.48787247
barpeta,"uttar pradesh , assam , bihar , west bengal, kerala",,1.0,10.48787247
barpeta,"uttar pradesh, bihar,  assam",,1.0,10.48787247
barwani,"andhra pradesh, madhya pradesh",,1.0,0.27606099
barwani,madhya pradesh,,10.0,0.27606099
barwani,"madhya pradesh,  chhattisgarh",,2.0,0.27606099
barwani,"madhya pradesh, punjab, haryana, west bengal",,1.0,0.27606099
barwani,"odisha, bihar, uttar pradesh, madhya pradesh, rajasthan, haryana",,1.0,0.27606099
barwani,"rajasthan, bihar, madhya pradesh, gujarat, maharashtra, uttar pradesh",,1.0,0.27606099
bastar,chhattisgarh,0.769759695889487,5.0,1.632703879
bastar,madhya pradesh,,5.0,1.632703879
basti,"bihar, uttar pradesh, west bengal, himachal pradesh",,1.0,4.636039801
basti,"himachal pradesh, uttar pradesh",,1.0,4.636039801
basti,"himachal pradesh, uttar pradesh, bihar,  west bengal",,1.0,4.636039801
basti,"jammu and kashmir, punjab, uttar pradesh, assam,  arunachal pradesh",,1.0,4.636039801
basti,"kerala, rajasthan, haryana, uttar pradesh, bihar",,1.0,4.636039801
basti,"odisha, bihar, uttar pradesh, madhya pradesh, rajasthan, haryana",,1.0,4.636039801
basti,"rajasthan, bihar, madhya pradesh, gujarat, maharashtra, uttar pradesh",,1.0,4.636039801
basti,"rajasthan, punjab, uttar pradesh",,1.0,4.636039801
basti,uttar pradesh,0.6579132288900723,38.0,4.636039801
basti,"uttar pradesh , assam , bihar , west bengal, kerala",,1.0,4.636039801
basti,"uttar pradesh , uttarakhand",,1.0,4.636039801
basti,"uttar pradesh, bihar",,1.0,4.636039801
basti,"uttar pradesh, bihar,  assam",,1.0,4.636039801
basti,"uttar pradesh, bihar, odisha, west bengal",,1.0,4.636039801
basti,"uttar pradesh, east rajasthan",,1.0,4.636039801
basti,"uttar pradesh, uttarakhand",,3.0,4.636039801
basti,"uttar pradesh, west bengal, bihar",,1.0,4.636039801
bathinda,"jammu and kashmir, delhi, punjab",,1.0,4.064778009
bathinda,"jammu and kashmir, punjab, uttar pradesh, assam,  arunachal pradesh",,1.0,4.064778009
bathinda,"madhya pradesh, punjab, haryana, west bengal",,1.0,4.064778009
bathinda,punjab,,38.0,4.064778009
bathinda,"rajasthan, punjab, uttar pradesh",,1.0,4.064778009
beed,"bihar, maharashtra",,1.0,0.0
beed,maharashtra,0.8618541498806016,57.0,0.0
beed,"maharashtra, telangana",,1.0,0.0
beed,"rajasthan, bihar, madhya pradesh, gujarat, maharashtra, uttar pradesh",,1.0,0.0
beedar,karnataka,,34.0,0.0
beedar,"karnataka, kerala",,1.0,0.0
beedar,"kerala, karnataka",,1.0,0.0
begusarai,bihar,,36.0,20.79971936
begusarai,"bihar, jharkhand",,1.0,20.79971936
begusarai,"bihar, maharashtra",,1.0,20.79971936
begusarai,"bihar, odisha, west bengal, assam, andhra pradesh",,1.0,20.79971936
begusarai,"bihar, uttar pradesh, west bengal, himachal pradesh",,1.0,20.79971936
begusarai,"bihar, west bengal",,1.0,20.79971936
begusarai,"himachal pradesh, uttar pradesh, bihar,  west bengal",,1.0,20.79971936
begusarai,"kerala, rajasthan, haryana, uttar pradesh, bihar",,1.0,20.79971936
begusarai,"odisha, bihar, assam, west bengal",,1.0,20.79971936
begusarai,"odisha, bihar, uttar pradesh, madhya pradesh, rajasthan, haryana",,1.0,20.79971936
begusarai,"rajasthan, bihar, madhya pradesh, gujarat, maharashtra, uttar pradesh",,1.0,20.79971936
begusarai,"uttar pradesh , assam , bihar , west bengal, kerala",,1.0,20.79971936
begusarai,"uttar pradesh, bihar,  assam",,1.0,20.79971936
begusarai,"uttar pradesh, bihar, odisha, west bengal",,1.0,20.79971936
begusarai,"west bengal, bihar",,1.0,20.79971936
belagavi,karnataka,,63.0,0.716049892
belagavi,"karnataka, kerala",,1.0,0.716049892
belagavi,"kerala, karnataka",,1.0,0.716049892
belgaum,karnataka,0.7801217056282924,0.0,0.0
bellary,karnataka,0.6408695185108741,0.0,0.0
bemetara,chhattisgarh,,2.0,0.0
bengaluru rural,karnataka,,85.0,0.120542304
bengaluru rural,"karnataka, kerala",,1.0,0.120542304
bengaluru rural,"kerala, karnataka",,1.0,0.120542304
bengaluru urban,karnataka,,51.0,0.0
bengaluru urban,"karnataka, kerala",,1.0,0.0
bengaluru urban,"kerala, karnataka",,1.0,0.0
betul,"andhra pradesh, madhya pradesh",,1.0,0.572982012
betul,madhya pradesh,0.7701563079645725,18.0,0.572982012
betul,"madhya pradesh,  chhattisgarh",,1.0,0.572982012
betul,"madhya pradesh, punjab, haryana, west bengal",,1.0,0.572982012
betul,"odisha, bihar, uttar pradesh, madhya pradesh, rajasthan, haryana",,1.0,0.572982012
betul,"rajasthan, bihar, madhya pradesh, gujarat, maharashtra, uttar pradesh",,1.0,0.572982012
bhadohi,"bihar, uttar pradesh, west bengal, himachal pradesh",,1.0,11.0100435
bhadohi,"himachal pradesh, uttar pradesh",,1.0,11.0100435
bhadohi,"himachal pradesh, uttar pradesh, bihar,  west bengal",,1.0,11.0100435
bhadohi,"jammu and kashmir, punjab, uttar pradesh, assam,  arunachal pradesh",,1.0,11.0100435
bhadohi,"kerala, rajasthan, haryana, uttar pradesh, bihar",,1.0,11.0100435
bhadohi,"odisha, bihar, uttar pradesh, madhya pradesh, rajasthan, haryana",,1.0,11.0100435
bhadohi,"rajasthan, bihar, madhya pradesh, gujarat, maharashtra, uttar pradesh",,1.0,11.0100435
bhadohi,"rajasthan, punjab, uttar pradesh",,1.0,11.0100435
bhadohi,uttar pradesh,,10.0,11.0100435
bhadohi,"uttar pradesh , assam , bihar , west bengal, kerala",,1.0,11.0100435
bhadohi,"uttar pradesh, bihar,  assam",,1.0,11.0100435
bhadohi,"uttar pradesh, bihar, odisha, west bengal",,1.0,11.0100435
bhadohi,"uttar pradesh, east rajasthan",,1.0,11.0100435
bhadohi,"uttar pradesh, west bengal, bihar",,1.0,11.0100435
bhadradri bhadradri kothagudem,telangana,,1.0,0.0
bhadradri bhadradri kothagudem bhadradri kothagudem,andhra pradesh,,1.0,0.0
bhadradri bhadradri kothagudem bhadradri kothagudem,"maharashtra, telangana",,1.0,0.0
bhadradri bhadradri kothagudem bhadradri kothagudem,telangana,,2.0,0.0
bhadradri bhadradri kothagudem kothagudem,telangana,,1.0,0.0
bhadradri kothagudem,telangana,,6.0,0.742354231
bhadrak,"assam, odisha, west bengal, bihar",,1.0,8.404168094
bhadrak,"bihar, odisha, west bengal, assam, andhra pradesh",,1.0,8.404168094
bhadrak,madhya pradesh,,1.0,8.404168094
bhadrak,odisha,,25.0,8.404168094
bhadrak,"odisha, bihar, assam, west bengal",,1.0,8.404168094
bhadrak,"odisha, bihar, uttar pradesh, madhya pradesh, rajasthan, haryana",,1.0,8.404168094
bhadrak,"odisha, rajasthan",,1.0,8.404168094
bhadrak,"uttar pradesh, bihar, odisha, west bengal",,1.0,8.404168094
bhagalpur,bihar,0.7052468532637829,40.0,13.72985928
bhagalpur,"bihar, jharkhand",,1.0,13.72985928
bhagalpur,"bihar, maharashtra",,1.0,13.72985928
bhagalpur,"bihar, odisha, west bengal, assam, andhra pradesh",,1.0,13.72985928
bhagalpur,"bihar, uttar pradesh, west bengal, himachal pradesh",,1.0,13.72985928
bhagalpur,"bihar, west bengal",,1.0,13.72985928
bhagalpur,"himachal pradesh, uttar pradesh, bihar,  west bengal",,1.0,13.72985928
bhagalpur,"kerala, rajasthan, haryana, uttar pradesh, bihar",,1.0,13.72985928
bhagalpur,"odisha, bihar, assam, west bengal",,1.0,13.72985928
bhagalpur,"odisha, bihar, uttar pradesh, madhya pradesh, rajasthan, haryana",,1.0,13.72985928
bhagalpur,"rajasthan, bihar, madhya pradesh, gujarat, maharashtra, uttar pradesh",,1.0,13.72985928
bhagalpur,"uttar pradesh , assam , bihar , west bengal, kerala",,1.0,13.72985928
bhagalpur,"uttar pradesh, bihar,  assam",,1.0,13.72985928
bhagalpur,"uttar pradesh, bihar, odisha, west bengal",,1.0,13.72985928
bhagalpur,"west bengal, bihar",,1.0,13.72985928
bhandara,"bihar, maharashtra",,1.0,1.821346068
bhandara,maharashtra,0.8115888429371758,55.0,1.821346068
bhandara,"maharashtra, telangana",,1.0,1.821346068
bhandara,"rajasthan, bihar, madhya pradesh, gujarat, maharashtra, uttar pradesh",,1.0,1.821346068
bhandara chandrapur,maharashtra,,1.0,0.0
bharatpur,"kerala, rajasthan, haryana, uttar pradesh, bihar",,1.0,2.338615588
bharatpur,"odisha, bihar, uttar pradesh, madhya pradesh, rajasthan, haryana",,1.0,2.338615588
bharatpur,"odisha, rajasthan",,1.0,2.338615588
bharatpur,rajasthan,0.6004540186700698,25.0,2.338615588
bharatpur,"rajasthan, bihar, madhya pradesh, gujarat, maharashtra, uttar pradesh",,1.0,2.338615588
bharatpur,"rajasthan, punjab, uttar pradesh",,1.0,2.338615588
bharuch,gujarat,0.8071513844210862,49.0,1.820453727
bharuch,"rajasthan, bihar, madhya pradesh, gujarat, maharashtra, uttar pradesh",,1.0,1.820453727
bhatinda,punjab,0.3205804187423538,0.0,0.0
bhavnagar,gujarat,0.691848378968835,38.0,0.019310059
bhavnagar,"rajasthan, bihar, madhya pradesh, gujarat, maharashtra, uttar pradesh",,1.0,0.019310059
bhilwara,"kerala, rajasthan, haryana, uttar pradesh, bihar",,1.0,0.74993015
bhilwara,"odisha, bihar, uttar pradesh, madhya pradesh, rajasthan, haryana",,1.0,0.74993015
bhilwara,"odisha, rajasthan",,1.0,0.74993015
bhilwara,rajasthan,0.70404151201883,20.0,0.74993015
bhilwara,"rajasthan, bihar, madhya pradesh, gujarat, maharashtra, uttar pradesh",,1.0,0.74993015
bhilwara,"rajasthan, punjab, uttar pradesh",,1.0,0.74993015
bhind,"andhra pradesh, madhya pradesh",,1.0,2.689401967
bhind,madhya pradesh,0.6211553814396207,12.0,2.689401967
bhind,"madhya pradesh, punjab, haryana, west bengal",,1.0,2.689401967
bhind,"odisha, bihar, uttar pradesh, madhya pradesh, rajasthan, haryana",,1.0,2.689401967
bhind,"rajasthan, bihar, madhya pradesh, gujarat, maharashtra, uttar pradesh",,1.0,2.689401967
bhiwani,haryana,,17.0,2.187233082
bhiwani,"kerala, rajasthan, haryana, uttar pradesh, bihar",,1.0,2.187233082
bhiwani,"madhya pradesh, punjab, haryana, west bengal",,1.0,2.187233082
bhiwani,"odisha, bihar, uttar pradesh, madhya pradesh, rajasthan, haryana",,1.0,2.187233082
bhojpur,bihar,,36.0,5.386832738
bhojpur,"bihar, jharkhand",,1.0,5.386832738
bhojpur,"bihar, maharashtra",,1.0,5.386832738
bhojpur,"bihar, odisha, west bengal, assam, andhra pradesh",,1.0,5.386832738
bhojpur,"bihar, uttar pradesh, west bengal, himachal pradesh",,1.0,5.386832738
bhojpur,"bihar, west bengal",,1.0,5.386832738
bhojpur,"himachal pradesh, uttar pradesh, bihar,  west bengal",,1.0,5.386832738
bhojpur,"kerala, rajasthan, haryana, uttar pradesh, bihar",,1.0,5.386832738
bhojpur,"odisha, bihar, assam, west bengal",,1.0,5.386832738
bhojpur,"odisha, bihar, uttar pradesh, madhya pradesh, rajasthan, haryana",,1.0,5.386832738
bhojpur,"rajasthan, bihar, madhya pradesh, gujarat, maharashtra, uttar pradesh",,1.0,5.386832738
bhojpur,"uttar pradesh , assam , bihar , west bengal, kerala",,1.0,5.386832738
bhojpur,"uttar pradesh, bihar,  assam",,1.0,5.386832738
bhojpur,"uttar pradesh, bihar, odisha, west bengal",,1.0,5.386832738
bhojpur,"west bengal, bihar",,1.0,5.386832738
bhopal,"andhra pradesh, madhya pradesh",,1.0,0.000494438
bhopal,madhya pradesh,,37.0,0.000494438
bhopal,"madhya pradesh,  chhattisgarh",,3.0,0.000494438
bhopal,"madhya pradesh, punjab, haryana, west bengal",,1.0,0.000494438
bhopal,"odisha, bihar, uttar pradesh, madhya pradesh, rajasthan, haryana",,1.0,0.000494438
bhopal,"rajasthan, bihar, madhya pradesh, gujarat, maharashtra, uttar pradesh",,1.0,0.000494438
bhubaneshwar,odisha,,1.0,0.0
bidar,karnataka,0.8258382203362427,0.0,0.767478422
bijapur,chhattisgarh,,4.0,1.948257182
bijapur,karnataka,,32.0,1.948257182
bijapur / vijayapura,karnataka,0.7627825362604358,0.0,0.0
bijapur surendranagar,karnataka,,1.0,0.0
bijnor,"bihar, uttar pradesh, west bengal, himachal pradesh",,1.0,3.487609777
bijnor,"himachal pradesh, uttar pradesh",,1.0,3.487609777
bijnor,"himachal pradesh, uttar pradesh, bihar,  west bengal",,1.0,3.487609777
bijnor,"jammu and kashmir, punjab, uttar pradesh, assam,  arunachal pradesh",,1.0,3.487609777
bijnor,"kerala, rajasthan, haryana, uttar pradesh, bihar",,1.0,3.487609777
bijnor,"odisha, bihar, uttar pradesh, madhya pradesh, rajasthan, haryana",,1.0,3.487609777
bijnor,"rajasthan, bihar, madhya pradesh, gujarat, maharashtra, uttar pradesh",,1.0,3.487609777
bijnor,"rajasthan, punjab, uttar pradesh",,1.0,3.487609777
bijnor,uttar pradesh,0.5604351700757342,18.0,3.487609777
bijnor,"uttar pradesh , assam , bihar , west bengal, kerala",,1.0,3.487609777
bijnor,"uttar pradesh, bihar,  assam",,1.0,3.487609777
bijnor,"uttar pradesh, bihar, odisha, west bengal",,1.0,3.487609777
bijnor,"uttar pradesh, east rajasthan",,1.0,3.487609777
bijnor,"uttar pradesh, west bengal, bihar",,1.0,3.487609777
bikaner,"kerala, rajasthan, haryana, uttar pradesh, bihar",,1.0,0.684901436
bikaner,"odisha, bihar, uttar pradesh, madhya pradesh, rajasthan, haryana",,1.0,0.684901436
bikaner,"odisha, rajasthan",,1.0,0.684901436
bikaner,rajasthan,0.7517234098152811,31.0,0.684901436
bikaner,"rajasthan, bihar, madhya pradesh, gujarat, maharashtra, uttar pradesh",,1.0,0.684901436
bikaner,"rajasthan, punjab, uttar pradesh",,1.0,0.684901436
bilashpur,himachal pradesh,0.7646386605754123,0.0,0.0
bilaspur,chhattisgarh,0.7974492420472169,5.0,2.184503883
bilaspur,himachal pradesh,,50.0,2.184503883
bilaspur,"himachal pradesh, uttar pradesh",,1.0,2.184503883
bilaspur,madhya pradesh,,4.0,2.184503883
bilaspur,"madhya pradesh,  chhattisgarh",,1.0,2.184503883
bilaspur,rajasthan,,1.0,2.184503883
birbhum,"assam, odisha, west bengal, bihar",,1.0,4.483276395
birbhum,"bihar, odisha, west bengal, assam, andhra pradesh",,1.0,4.483276395
birbhum,"bihar, uttar pradesh, west bengal, himachal pradesh",,1.0,4.483276395
birbhum,"bihar, west bengal",,1.0,4.483276395
birbhum,"himachal pradesh, uttar pradesh, bihar,  west bengal",,1.0,4.483276395
birbhum,"madhya pradesh, punjab, haryana, west bengal",,1.0,4.483276395
birbhum,"odisha, bihar, assam, west bengal",,1.0,4.483276395
birbhum,uttar pradesh,,1.0,4.483276395
birbhum,"uttar pradesh , assam , bihar , west bengal, kerala",,1.0,4.483276395
birbhum,"uttar pradesh, bihar, odisha, west bengal",,1.0,4.483276395
birbhum,"uttar pradesh, west bengal, bihar",,1.0,4.483276395
birbhum,west bengal,0.5655571298170541,17.0,4.483276395
bishnupur,manipur,,6.0,0.000998427
biswanath,assam,,82.0,3.155673349
biswanath,"assam, odisha, west bengal, bihar",,1.0,3.155673349
biswanath,"jammu and kashmir, punjab, uttar pradesh, assam,  arunachal pradesh",,1.0,3.155673349
biswanath,"odisha, bihar, assam, west bengal",,1.0,3.155673349
biswanath,"uttar pradesh , assam , bihar , west bengal, kerala",,1.0,3.155673349
biswanath,"uttar pradesh, bihar,  assam",,1.0,3.155673349
bokaro,jharkhand,,6.0,0.022030296
bolangir,orissa,0.7323084459966163,0.0,0.0
bombay,maharashtra,0.9614967248356915,0.0,0.0
bongaigaon,assam,,84.0,8.287953017
bongaigaon,"assam, odisha, west bengal, bihar",,1.0,8.287953017
bongaigaon,"jammu and kashmir, punjab, uttar pradesh, assam,  arunachal pradesh",,1.0,8.287953017
bongaigaon,"odisha, bihar, assam, west bengal",,1.0,8.287953017
bongaigaon,"uttar pradesh , assam , bihar , west bengal, kerala",,1.0,8.287953017
bongaigaon,"uttar pradesh, bihar,  assam",,1.0,8.287953017
botad,gujarat,,25.0,0.877107887
botad,"rajasthan, bihar, madhya pradesh, gujarat, maharashtra, uttar pradesh",,1.0,0.877107887
boudh,"assam, odisha, west bengal, bihar",,1.0,0.0
boudh,"bihar, odisha, west bengal, assam, andhra pradesh",,1.0,0.0
boudh,madhya pradesh,,1.0,0.0
boudh,odisha,,15.0,0.0
boudh,"odisha, bihar, assam, west bengal",,1.0,0.0
boudh,"odisha, bihar, uttar pradesh, madhya pradesh, rajasthan, haryana",,1.0,0.0
boudh,"odisha, rajasthan",,1.0,0.0
boudh,"uttar pradesh, bihar, odisha, west bengal",,1.0,0.0
budaun,"bihar, uttar pradesh, west bengal, himachal pradesh",,1.0,3.856538771
budaun,"himachal pradesh, uttar pradesh",,1.0,3.856538771
budaun,"himachal pradesh, uttar pradesh, bihar,  west bengal",,1.0,3.856538771
budaun,"jammu and kashmir, punjab, uttar pradesh, assam,  arunachal pradesh",,1.0,3.856538771
budaun,"kerala, rajasthan, haryana, uttar pradesh, bihar",,1.0,3.856538771
budaun,"odisha, bihar, uttar pradesh, madhya pradesh, rajasthan, haryana",,1.0,3.856538771
budaun,"rajasthan, bihar, madhya pradesh, gujarat, maharashtra, uttar pradesh",,1.0,3.856538771
budaun,"rajasthan, punjab, uttar pradesh",,1.0,3.856538771
budaun,uttar pradesh,0.6253505735605792,21.0,3.856538771
budaun,"uttar pradesh , assam , bihar , west bengal, kerala",,1.0,3.856538771
budaun,"uttar pradesh, bihar,  assam",,1.0,3.856538771
budaun,"uttar pradesh, bihar, odisha, west bengal",,1.0,3.856538771
budaun,"uttar pradesh, east rajasthan",,1.0,3.856538771
budaun,"uttar pradesh, uttarakhand",,1.0,3.856538771
budaun,"uttar pradesh, west bengal, bihar",,1.0,3.856538771
budgam,jammu & kashmir,,4.0,0.0
budgam,jammu and kashmir,,17.0,0.0
budgam,"jammu and kashmir, delhi, punjab",,1.0,0.0
budgam,"jammu and kashmir, punjab, uttar pradesh, assam,  arunachal pradesh",,1.0,0.0
buland shahar,uttar pradesh,0.5259855584659747,0.0,0.0
bulandshahr,"bihar, uttar pradesh, west bengal, himachal pradesh",,1.0,4.603272439
bulandshahr,"himachal pradesh, uttar pradesh",,1.0,4.603272439
bulandshahr,"himachal pradesh, uttar pradesh, bihar,  west bengal",,1.0,4.603272439
bulandshahr,"jammu and kashmir, punjab, uttar pradesh, assam,  arunachal pradesh",,1.0,4.603272439
bulandshahr,"kerala, rajasthan, haryana, uttar pradesh, bihar",,1.0,4.603272439
bulandshahr,"odisha, bihar, uttar pradesh, madhya pradesh, rajasthan, haryana",,1.0,4.603272439
bulandshahr,"rajasthan, bihar, madhya pradesh, gujarat, maharashtra, uttar pradesh",,1.0,4.603272439
bulandshahr,"rajasthan, punjab, uttar pradesh",,1.0,4.603272439
bulandshahr,uttar pradesh,,18.0,4.603272439
bulandshahr,"uttar pradesh , assam , bihar , west bengal, kerala",,1.0,4.603272439
bulandshahr,"uttar pradesh, bihar,  assam",,1.0,4.603272439
bulandshahr,"uttar pradesh, bihar, odisha, west bengal",,1.0,4.603272439
bulandshahr,"uttar pradesh, east rajasthan",,1.0,4.603272439
bulandshahr,"uttar pradesh, uttarakhand",,2.0,4.603272439
bulandshahr,"uttar pradesh, west bengal, bihar",,1.0,4.603272439
buldhana,"bihar, maharashtra",,1.0,0.0
buldhana,maharashtra,0.838916470388859,58.0,0.0
buldhana,"maharashtra, telangana",,1.0,0.0
buldhana,"rajasthan, bihar, madhya pradesh, gujarat, maharashtra, uttar pradesh",,1.0,0.0
bundi,"kerala, rajasthan, haryana, uttar pradesh, bihar",,1.0,1.991418255
bundi,"odisha, bihar, uttar pradesh, madhya pradesh, rajasthan, haryana",,1.0,1.991418255
bundi,"odisha, rajasthan",,1.0,1.991418255
bundi,rajasthan,0.6039843437080067,25.0,1.991418255
bundi,"rajasthan, bihar, madhya pradesh, gujarat, maharashtra, uttar pradesh",,1.0,1.991418255
bundi,"rajasthan, punjab, uttar pradesh",,1.0,1.991418255
burdwan,west bengal,0.5695217170952857,0.0,0.0
burhanpur,"andhra pradesh, madhya pradesh",,1.0,0.685540047
burhanpur,madhya pradesh,,13.0,0.685540047
burhanpur,"madhya pradesh,  chhattisgarh",,2.0,0.685540047
burhanpur,"madhya pradesh, punjab, haryana, west bengal",,1.0,0.685540047
burhanpur,"odisha, bihar, uttar pradesh, madhya pradesh, rajasthan, haryana",,1.0,0.685540047
burhanpur,"rajasthan, bihar, madhya pradesh, gujarat, maharashtra, uttar pradesh",,1.0,0.685540047
buxar,bihar,,23.0,5.289701443
buxar,"bihar, jharkhand",,1.0,5.289701443
buxar,"bihar, maharashtra",,1.0,5.289701443
buxar,"bihar, odisha, west bengal, assam, andhra pradesh",,1.0,5.289701443
buxar,"bihar, uttar pradesh, west bengal, himachal pradesh",,1.0,5.289701443
buxar,"bihar, west bengal",,1.0,5.289701443
buxar,"himachal pradesh, uttar pradesh, bihar,  west bengal",,1.0,5.289701443
buxar,"kerala, rajasthan, haryana, uttar pradesh, bihar",,1.0,5.289701443
buxar,"odisha, bihar, assam, west bengal",,1.0,5.289701443
buxar,"odisha, bihar, uttar pradesh, madhya pradesh, rajasthan, haryana",,1.0,5.289701443
buxar,"rajasthan, bihar, madhya pradesh, gujarat, maharashtra, uttar pradesh",,1.0,5.289701443
buxar,"uttar pradesh , assam , bihar , west bengal, kerala",,1.0,5.289701443
buxar,"uttar pradesh, bihar,  assam",,1.0,5.289701443
buxar,"uttar pradesh, bihar, odisha, west bengal",,1.0,5.289701443
buxar,"west bengal, bihar",,1.0,5.289701443
cachar,assam,0.748519861822827,147.0,9.233600225
cachar,"assam, manipur, arunachal pradesh",,1.0,9.233600225
cachar,"assam, manipur, tripura,  arunachal pradesh",,1.0,9.233600225
cachar,"assam, odisha, west bengal, bihar",,1.0,9.233600225
cachar,"jammu and kashmir, punjab, uttar pradesh, assam,  arunachal pradesh",,1.0,9.233600225
cachar,"odisha, bihar, assam, west bengal",,1.0,9.233600225
cachar,"uttar pradesh , assam , bihar , west bengal, kerala",,1.0,9.233600225
cachar,"uttar pradesh, bihar,  assam",,1.0,9.233600225
central,delhi,,15.0,7.250541685
central,"jammu and kashmir, delhi, punjab",,1.0,7.250541685
central part of uttar kashi pradesh,uttar pradesh,,1.0,0.0
chamarajanagara,karnataka,,1.0,1.93767925
chamarajanagaraa,karnataka,,7.0,0.0
chamarajanagaraa,"karnataka, kerala",,1.0,0.0
chamarajanagaraa,"kerala, karnataka",,1.0,0.0
chamarajanagaraa  kalaburagi,karnataka,,1.0,0.0
chamarajanagaraa chikkaballapura,karnataka,,6.0,0.0
chamarajanagaraa chitradurga,karnataka,,1.0,0.0
chamarajanagaraa davangere,karnataka,,1.0,0.0
chamarajanagaraa gadag,karnataka,,1.0,0.0
chamarajanagaraa hassan,karnataka,,2.0,0.0
chamba,himachal pradesh,0.7614326765472693,73.0,0.208436762
chamba,"himachal pradesh, uttar pradesh",,1.0,0.208436762
chamoli,uttar pradesh,,8.0,0.988526383
chamoli,"uttar pradesh, uttarakhand",,5.0,0.988526383
chamoli,uttarakhand,0.7829989824835125,24.0,0.988526383
champaran,bihar,0.7077552677684745,0.0,0.0
champawat,uttar pradesh,,2.0,1.216386696
champawat,"uttar pradesh, uttarakhand",,2.0,1.216386696
champawat,uttarakhand,,4.0,1.216386696
champhai,mizoram,,10.0,0.919185436
chandauli,"bihar, uttar pradesh, west bengal, himachal pradesh",,1.0,7.890839495
chandauli,"himachal pradesh, uttar pradesh",,1.0,7.890839495
chandauli,"himachal pradesh, uttar pradesh, bihar,  west bengal",,1.0,7.890839495
chandauli,"jammu and kashmir, punjab, uttar pradesh, assam,  arunachal pradesh",,1.0,7.890839495
chandauli,"kerala, rajasthan, haryana, uttar pradesh, bihar",,1.0,7.890839495
chandauli,"odisha, bihar, uttar pradesh, madhya pradesh, rajasthan, haryana",,1.0,7.890839495
chandauli,"rajasthan, bihar, madhya pradesh, gujarat, maharashtra, uttar pradesh",,1.0,7.890839495
chandauli,"rajasthan, punjab, uttar pradesh",,1.0,7.890839495
chandauli,uttar pradesh,,12.0,7.890839495
chandauli,"uttar pradesh , assam , bihar , west bengal, kerala",,1.0,7.890839495
chandauli,"uttar pradesh, bihar,  assam",,1.0,7.890839495
chandauli,"uttar pradesh, bihar, odisha, west bengal",,1.0,7.890839495
chandauli,"uttar pradesh, east rajasthan",,1.0,7.890839495
chandauli,"uttar pradesh, west bengal, bihar",,1.0,7.890839495
chandel,manipur,,4.0,0.630871175
chandigarh,chandigarh,,6.0,0.000993771
chandigarh,punjab,,13.0,0.000993771
chandrapur,"bihar, maharashtra",,1.0,1.224884143
chandrapur,maharashtra,0.8258881551361344,61.0,1.224884143
chandrapur,"maharashtra, telangana",,1.0,1.224884143
chandrapur,"rajasthan, bihar, madhya pradesh, gujarat, maharashtra, uttar pradesh",,1.0,1.224884143
changlang,arunachal pradesh,,22.0,2.517227647
changlang,"jammu and kashmir, punjab, uttar pradesh, assam,  arunachal pradesh",,1.0,2.517227647
charaideo,assam,,33.0,16.04309188
charaideo,"assam, odisha, west bengal, bihar",,1.0,16.04309188
charaideo,"jammu and kashmir, punjab, uttar pradesh, assam,  arunachal pradesh",,1.0,16.04309188
charaideo,"odisha, bihar, assam, west bengal",,1.0,16.04309188
charaideo,"uttar pradesh , assam , bihar , west bengal, kerala",,1.0,16.04309188
charaideo,"uttar pradesh, bihar,  assam",,1.0,16.04309188
charki dadri,haryana,,8.0,0.852566261
charki dadri,"kerala, rajasthan, haryana, uttar pradesh, bihar",,1.0,0.852566261
charki dadri,"madhya pradesh, punjab, haryana, west bengal",,1.0,0.852566261
charki dadri,"odisha, bihar, uttar pradesh, madhya pradesh, rajasthan, haryana",,1.0,0.852566261
chatra,jharkhand,,8.0,0.339585416
chengalpattu,tamil nadu,,13.0,2.752509381
chengalpattu mgr / kanchipuram,tamil nadu,0.7262912485872409,0.0,0.0
chennai,madras,,1.0,3.572786193
chennai,tamil nadu,,57.0,3.572786193
chhatarpur,"andhra pradesh, madhya pradesh",,1.0,1.026450906
chhatarpur,madhya pradesh,0.7988604405021362,13.0,1.026450906
chhatarpur,"madhya pradesh, punjab, haryana, west bengal",,1.0,1.026450906
chhatarpur,"odisha, bihar, uttar pradesh, madhya pradesh, rajasthan, haryana",,1.0,1.026450906
chhatarpur,"rajasthan, bihar, madhya pradesh, gujarat, maharashtra, uttar pradesh",,1.0,1.026450906
chhatisgarh,"madhya pradesh,  chhattisgarh",,1.0,0.0
chhindwara,"andhra pradesh, madhya pradesh",,1.0,0.243637627
chhindwara,madhya pradesh,0.748877869488205,25.0,0.243637627
chhindwara,"madhya pradesh,  chhattisgarh",,2.0,0.243637627
chhindwara,"madhya pradesh, punjab, haryana, west bengal",,1.0,0.243637627
chhindwara,"odisha, bihar, uttar pradesh, madhya pradesh, rajasthan, haryana",,1.0,0.243637627
chhindwara,"rajasthan, bihar, madhya pradesh, gujarat, maharashtra, uttar pradesh",,1.0,0.243637627
chickmagalur,karnataka,0.7251180456677104,0.0,0.0
chikkaballapura,karnataka,,34.0,0.18147016
chikkaballapura,"karnataka, kerala",,1.0,0.18147016
chikkaballapura,"kerala, karnataka",,1.0,0.18147016
chikkamagaluru,karnataka,,20.0,0.48643499
chikkamagaluru,"karnataka, kerala",,1.0,0.48643499
chikkamagaluru,"kerala, karnataka",,1.0,0.48643499
chikodi,karnataka,,1.0,0.0
chirang,assam,,90.0,2.853895807
chirang,"assam, odisha, west bengal, bihar",,1.0,2.853895807
chirang,"jammu and kashmir, punjab, uttar pradesh, assam,  arunachal pradesh",,1.0,2.853895807
chirang,"odisha, bihar, assam, west bengal",,1.0,2.853895807
chirang,"uttar pradesh , assam , bihar , west bengal, kerala",,1.0,2.853895807
chirang,"uttar pradesh, bihar,  assam",,1.0,2.853895807
chitradurga,karnataka,0.6267103347126961,32.0,0.186919271
chitradurga,"karnataka, kerala",,1.0,0.186919271
chitradurga,"kerala, karnataka",,1.0,0.186919271
chitrakoot,"bihar, uttar pradesh, west bengal, himachal pradesh",,1.0,2.462686041
chitrakoot,"himachal pradesh, uttar pradesh",,1.0,2.462686041
chitrakoot,"himachal pradesh, uttar pradesh, bihar,  west bengal",,1.0,2.462686041
chitrakoot,"jammu and kashmir, punjab, uttar pradesh, assam,  arunachal pradesh",,1.0,2.462686041
chitrakoot,"kerala, rajasthan, haryana, uttar pradesh, bihar",,1.0,2.462686041
chitrakoot,"odisha, bihar, uttar pradesh, madhya pradesh, rajasthan, haryana",,1.0,2.462686041
chitrakoot,"rajasthan, bihar, madhya pradesh, gujarat, maharashtra, uttar pradesh",,1.0,2.462686041
chitrakoot,"rajasthan, punjab, uttar pradesh",,1.0,2.462686041
chitrakoot,uttar pradesh,,16.0,2.462686041
chitrakoot,"uttar pradesh , assam , bihar , west bengal, kerala",,1.0,2.462686041
chitrakoot,"uttar pradesh, bihar,  assam",,1.0,2.462686041
chitrakoot,"uttar pradesh, bihar, odisha, west bengal",,1.0,2.462686041
chitrakoot,"uttar pradesh, east rajasthan",,1.0,2.462686041
chitrakoot,"uttar pradesh, west bengal, bihar",,1.0,2.462686041
chittoor,andhra pradesh,0.767352784508591,18.0,0.504525197
chittoor,"andhra pradesh, madhya pradesh",,1.0,0.504525197
chittorgarh,"kerala, rajasthan, haryana, uttar pradesh, bihar",,1.0,0.0
chittorgarh,"odisha, bihar, uttar pradesh, madhya pradesh, rajasthan, haryana",,1.0,0.0
chittorgarh,"odisha, rajasthan",,1.0,0.0
chittorgarh,rajasthan,0.655084321596666,9.0,0.0
chittorgarh,"rajasthan, bihar, madhya pradesh, gujarat, maharashtra, uttar pradesh",,1.0,0.0
chittorgarh,"rajasthan, punjab, uttar pradesh",,1.0,0.0
chota udaipur,gujarat,,13.0,0.112482708
chota udaipur,"rajasthan, bihar, madhya pradesh, gujarat, maharashtra, uttar pradesh",,1.0,0.112482708
chumanung,jammu and kashmir,,1.0,0.0
churachandpur,manipur,,4.0,0.939291668
churu,"kerala, rajasthan, haryana, uttar pradesh, bihar",,1.0,0.775893058
churu,"odisha, bihar, uttar pradesh, madhya pradesh, rajasthan, haryana",,1.0,0.775893058
churu,"odisha, rajasthan",,1.0,0.775893058
churu,rajasthan,0.808075511820299,15.0,0.775893058
churu,"rajasthan, bihar, madhya pradesh, gujarat, maharashtra, uttar pradesh",,1.0,0.775893058
churu,"rajasthan, punjab, uttar pradesh",,1.0,0.775893058
coastal districts of andhra pradesh,andhra pradesh,,1.0,0.0
coimbatore,tamil nadu,0.733482752793018,33.0,0.316836382
cooch behar,west bengal,0.6950305942096981,33.0,7.501454061
cuddalore,tamil nadu,,30.0,5.871797745
cuttack,"assam, odisha, west bengal, bihar",,1.0,11.50951078
cuttack,"bihar, odisha, west bengal, assam, andhra pradesh",,1.0,11.50951078
cuttack,madhya pradesh,,1.0,11.50951078
cuttack,odisha,,51.0,11.50951078
cuttack,"odisha, bihar, assam, west bengal",,1.0,11.50951078
cuttack,"odisha, bihar, uttar pradesh, madhya pradesh, rajasthan, haryana",,1.0,11.50951078
cuttack,"odisha, rajasthan",,1.0,11.50951078
cuttack,orissa,0.7193361950175385,0.0,11.50951078
cuttack,"uttar pradesh, bihar, odisha, west bengal",,1.0,11.50951078
dadra and nagar haveli,dadar&nagar haveli,,1.0,0.0
dadra and nagar haveli,dadra and nagar haveli,,1.0,0.0
dahod,gujarat,,13.0,0.0
dahod,"rajasthan, bihar, madhya pradesh, gujarat, maharashtra, uttar pradesh",,1.0,0.0
dakshin bastar dantewada,chhattisgarh,,2.0,1.67319932
dakshin dinajpur,"assam, odisha, west bengal, bihar",,1.0,3.848386134
dakshin dinajpur,"bihar, odisha, west bengal, assam, andhra pradesh",,1.0,3.848386134
dakshin dinajpur,"bihar, uttar pradesh, west bengal, himachal pradesh",,1.0,3.848386134
dakshin dinajpur,"bihar, west bengal",,1.0,3.848386134
dakshin dinajpur,"himachal pradesh, uttar pradesh, bihar,  west bengal",,1.0,3.848386134
dakshin dinajpur,"madhya pradesh, punjab, haryana, west bengal",,1.0,3.848386134
dakshin dinajpur,"odisha, bihar, assam, west bengal",,1.0,3.848386134
dakshin dinajpur,"uttar pradesh , assam , bihar , west bengal, kerala",,1.0,3.848386134
dakshin dinajpur,"uttar pradesh, bihar, odisha, west bengal",,1.0,3.848386134
dakshin dinajpur,"uttar pradesh, west bengal, bihar",,1.0,3.848386134
dakshin dinajpur,west bengal,,29.0,3.848386134
dakshina kannada,andhra pradesh,,2.0,1.026488871
dakshina kannada,assam,,1.0,1.026488871
dakshina kannada,karnataka,0.8055153809116364,71.0,1.026488871
dakshina kannada,"karnataka, kerala",,1.0,1.026488871
damoh,"andhra pradesh, madhya pradesh",,1.0,1.193640384
damoh,madhya pradesh,0.8040752074469687,12.0,1.193640384
damoh,"madhya pradesh,  chhattisgarh",,3.0,1.193640384
damoh,"madhya pradesh, punjab, haryana, west bengal",,1.0,1.193640384
damoh,"odisha, bihar, uttar pradesh, madhya pradesh, rajasthan, haryana",,1.0,1.193640384
damoh,"rajasthan, bihar, madhya pradesh, gujarat, maharashtra, uttar pradesh",,1.0,1.193640384
dangs,gujarat,0.7467989602110501,26.0,0.0
dangs,"rajasthan, bihar, madhya pradesh, gujarat, maharashtra, uttar pradesh",,1.0,0.0
darbhanga,bihar,0.7468616832285272,51.0,10.05644787
darbhanga,"bihar, jharkhand",,3.0,10.05644787
darbhanga,"bihar, maharashtra",,1.0,10.05644787
darbhanga,"bihar, odisha, west bengal, assam, andhra pradesh",,1.0,10.05644787
darbhanga,"bihar, uttar pradesh, west bengal, himachal pradesh",,1.0,10.05644787
darbhanga,"bihar, west bengal",,1.0,10.05644787
darbhanga,"himachal pradesh, uttar pradesh, bihar,  west bengal",,1.0,10.05644787
darbhanga,"kerala, rajasthan, haryana, uttar pradesh, bihar",,1.0,10.05644787
darbhanga,"odisha, bihar, assam, west bengal",,1.0,10.05644787
darbhanga,"odisha, bihar, uttar pradesh, madhya pradesh, rajasthan, haryana",,1.0,10.05644787
darbhanga,"rajasthan, bihar, madhya pradesh, gujarat, maharashtra, uttar pradesh",,1.0,10.05644787
darbhanga,"uttar pradesh , assam , bihar , west bengal, kerala",,1.0,10.05644787
darbhanga,"uttar pradesh, bihar,  assam",,1.0,10.05644787
darbhanga,"uttar pradesh, bihar, odisha, west bengal",,1.0,10.05644787
darbhanga,"west bengal, bihar",,1.0,10.05644787
darjeeling,"assam, odisha, west bengal, bihar",,1.0,0.0
darjeeling,"bihar, odisha, west bengal, assam, andhra pradesh",,1.0,0.0
darjeeling,"bihar, uttar pradesh, west bengal, himachal pradesh",,1.0,0.0
darjeeling,"bihar, west bengal",,1.0,0.0
darjeeling,"himachal pradesh, uttar pradesh, bihar,  west bengal",,1.0,0.0
darjeeling,"madhya pradesh, punjab, haryana, west bengal",,1.0,0.0
darjeeling,"odisha, bihar, assam, west bengal",,1.0,0.0
darjeeling,"uttar pradesh , assam , bihar , west bengal, kerala",,1.0,0.0
darjeeling,"uttar pradesh, bihar, odisha, west bengal",,1.0,0.0
darjeeling,"uttar pradesh, west bengal, bihar",,1.0,0.0
darjeeling,west bengal,0.7190006498718685,61.0,0.0
darjeelingm,west bengal,,1.0,0.0
darrang,assam,0.7782454118205554,151.0,11.80139268
darrang,"assam, manipur, arunachal pradesh",,1.0,11.80139268
darrang,"assam, odisha, west bengal, bihar",,1.0,11.80139268
darrang,"jammu and kashmir, punjab, uttar pradesh, assam,  arunachal pradesh",,1.0,11.80139268
darrang,"odisha, bihar, assam, west bengal",,1.0,11.80139268
darrang,"uttar pradesh , assam , bihar , west bengal, kerala",,1.0,11.80139268
darrang,"uttar pradesh, bihar,  assam",,1.0,11.80139268
datia,"andhra pradesh, madhya pradesh",,1.0,2.165231715
datia,madhya pradesh,0.7399779761644935,7.0,2.165231715
datia,"madhya pradesh,  chhattisgarh",,1.0,2.165231715
datia,"madhya pradesh, punjab, haryana, west bengal",,1.0,2.165231715
datia,"odisha, bihar, uttar pradesh, madhya pradesh, rajasthan, haryana",,1.0,2.165231715
datia,"rajasthan, bihar, madhya pradesh, gujarat, maharashtra, uttar pradesh",,1.0,2.165231715
dausa,"kerala, rajasthan, haryana, uttar pradesh, bihar",,1.0,0.498796958
dausa,"odisha, bihar, uttar pradesh, madhya pradesh, rajasthan, haryana",,1.0,0.498796958
dausa,"odisha, rajasthan",,1.0,0.498796958
dausa,rajasthan,,10.0,0.498796958
dausa,"rajasthan, bihar, madhya pradesh, gujarat, maharashtra, uttar pradesh",,1.0,0.498796958
dausa,"rajasthan, punjab, uttar pradesh",,1.0,0.498796958
davangere,karnataka,,29.0,0.0
davangere,"karnataka, kerala",,1.0,0.0
davangere,"kerala, karnataka",,1.0,0.0
davangere����,karnataka,,1.0,0.0
dehradun,uttar pradesh,,7.0,1.480749996
dehradun,"uttar pradesh, uttarakhand",,7.0,1.480749996
dehradun,uttarakhand,0.6895180024598919,17.0,1.480749996
deogarh,"assam, odisha, west bengal, bihar",,1.0,0.0
deogarh,"bihar, odisha, west bengal, assam, andhra pradesh",,1.0,0.0
deogarh,madhya pradesh,,1.0,0.0
deogarh,odisha,,13.0,0.0
deogarh,"odisha, bihar, assam, west bengal",,1.0,0.0
deogarh,"odisha, bihar, uttar pradesh, madhya pradesh, rajasthan, haryana",,1.0,0.0
deogarh,"odisha, rajasthan",,1.0,0.0
deogarh,"uttar pradesh, bihar, odisha, west bengal",,1.0,0.0
deoghar,"bihar, jharkhand",,1.0,0.81176508
deoghar,jharkhand,,3.0,0.81176508
deoria,"bihar, uttar pradesh, west bengal, himachal pradesh",,1.0,7.694821538
deoria,"himachal pradesh, uttar pradesh",,1.0,7.694821538
deoria,"himachal pradesh, uttar pradesh, bihar,  west bengal",,1.0,7.694821538
deoria,"jammu and kashmir, punjab, uttar pradesh, assam,  arunachal pradesh",,1.0,7.694821538
deoria,"kerala, rajasthan, haryana, uttar pradesh, bihar",,1.0,7.694821538
deoria,"odisha, bihar, uttar pradesh, madhya pradesh, rajasthan, haryana",,1.0,7.694821538
deoria,"rajasthan, bihar, madhya pradesh, gujarat, maharashtra, uttar pradesh",,1.0,7.694821538
deoria,"rajasthan, punjab, uttar pradesh",,1.0,7.694821538
deoria,uttar pradesh,0.6155372873322161,38.0,7.694821538
deoria,"uttar pradesh , assam , bihar , west bengal, kerala",,1.0,7.694821538
deoria,"uttar pradesh , uttarakhand",,1.0,7.694821538
deoria,"uttar pradesh, bihar,  assam",,1.0,7.694821538
deoria,"uttar pradesh, bihar, odisha, west bengal",,1.0,7.694821538
deoria,"uttar pradesh, east rajasthan",,1.0,7.694821538
deoria,"uttar pradesh, uttarakhand",,4.0,7.694821538
deoria,"uttar pradesh, west bengal, bihar",,1.0,7.694821538
devbhumi dwarka,gujarat,,1.0,0.024373659
devbhumi dwarka dwarka,gujarat,,27.0,0.0
devbhumi dwarka dwarka,"rajasthan, bihar, madhya pradesh, gujarat, maharashtra, uttar pradesh",,1.0,0.0
dewas,"andhra pradesh, madhya pradesh",,1.0,0.631542867
dewas,madhya pradesh,0.7621829570670909,11.0,0.631542867
dewas,"madhya pradesh,  chhattisgarh",,1.0,0.631542867
dewas,"madhya pradesh, punjab, haryana, west bengal",,1.0,0.631542867
dewas,"odisha, bihar, uttar pradesh, madhya pradesh, rajasthan, haryana",,1.0,0.631542867
dewas,"rajasthan, bihar, madhya pradesh, gujarat, maharashtra, uttar pradesh",,1.0,0.631542867
dhalai,tripura,,23.0,0.336825147
dhamtari,chhattisgarh,,2.0,0.04693727
dhamtari,"madhya pradesh,  chhattisgarh",,1.0,0.04693727
dhanbad,jharkhand,0.7734722111816367,3.0,0.207879548
dhar,"andhra pradesh, madhya pradesh",,1.0,0.327944556
dhar,madhya pradesh,0.776511963418905,16.0,0.327944556
dhar,"madhya pradesh,  chhattisgarh",,2.0,0.327944556
dhar,"madhya pradesh, punjab, haryana, west bengal",,1.0,0.327944556
dhar,"odisha, bihar, uttar pradesh, madhya pradesh, rajasthan, haryana",,1.0,0.327944556
dhar,"rajasthan, bihar, madhya pradesh, gujarat, maharashtra, uttar pradesh",,1.0,0.327944556
dharashiv,"bihar, maharashtra",,1.0,0.0
dharashiv,maharashtra,,41.0,0.0
dharashiv,"maharashtra, telangana",,1.0,0.0
dharashiv,"rajasthan, bihar, madhya pradesh, gujarat, maharashtra, uttar pradesh",,1.0,0.0
dharmapuri,tamil nadu,,15.0,0.244881502
dharwad,karnataka,0.834522340967314,54.0,0.283121417
dharwad,"karnataka, kerala",,1.0,0.283121417
dharwad,"kerala, karnataka",,1.0,0.283121417
dhemaji,assam,,197.0,9.385547809
dhemaji,"assam, odisha, west bengal, bihar",,1.0,9.385547809
dhemaji,"jammu and kashmir, punjab, uttar pradesh, assam,  arunachal pradesh",,1.0,9.385547809
dhemaji,"odisha, bihar, assam, west bengal",,1.0,9.385547809
dhemaji,"uttar pradesh , assam , bihar , west bengal, kerala",,1.0,9.385547809
dhemaji,"uttar pradesh, bihar,  assam",,1.0,9.385547809
dhenkanal,"assam, odisha, west bengal, bihar",,1.0,0.881789412
dhenkanal,"bihar, odisha, west bengal, assam, andhra pradesh",,1.0,0.881789412
dhenkanal,madhya pradesh,,1.0,0.881789412
dhenkanal,odisha,,21.0,0.881789412
dhenkanal,"odisha, bihar, assam, west bengal",,1.0,0.881789412
dhenkanal,"odisha, bihar, uttar pradesh, madhya pradesh, rajasthan, haryana",,1.0,0.881789412
dhenkanal,"odisha, rajasthan",,1.0,0.881789412
dhenkanal,orissa,0.7260449498609366,0.0,0.881789412
dhenkanal,"uttar pradesh, bihar, odisha, west bengal",,1.0,0.881789412
dholpur,"kerala, rajasthan, haryana, uttar pradesh, bihar",,1.0,0.0
dholpur,"odisha, bihar, uttar pradesh, madhya pradesh, rajasthan, haryana",,1.0,0.0
dholpur,"odisha, rajasthan",,1.0,0.0
dholpur,rajasthan,,19.0,0.0
dholpur,"rajasthan, bihar, madhya pradesh, gujarat, maharashtra, uttar pradesh",,1.0,0.0
dholpur,"rajasthan, punjab, uttar pradesh",,1.0,0.0
dhubri,assam,,118.0,9.231447974
dhubri,"assam, odisha, west bengal, bihar",,1.0,9.231447974
dhubri,"jammu and kashmir, punjab, uttar pradesh, assam,  arunachal pradesh",,1.0,9.231447974
dhubri,"odisha, bihar, assam, west bengal",,1.0,9.231447974
dhubri,"uttar pradesh , assam , bihar , west bengal, kerala",,1.0,9.231447974
dhubri,"uttar pradesh, bihar,  assam",,1.0,9.231447974
dhule,"bihar, maharashtra",,1.0,0.227687277
dhule,maharashtra,0.7954729825208579,22.0,0.227687277
dhule,"maharashtra, telangana",,1.0,0.227687277
dhule,"rajasthan, bihar, madhya pradesh, gujarat, maharashtra, uttar pradesh",,1.0,0.227687277
dibang valley,arunachal pradesh,,24.0,0.0
dibang valley,"jammu and kashmir, punjab, uttar pradesh, assam,  arunachal pradesh",,1.0,0.0
dibrugarh,assam,0.7620164658419305,150.0,11.91387334
dibrugarh,"assam, odisha, west bengal, bihar",,1.0,11.91387334
dibrugarh,"jammu and kashmir, punjab, uttar pradesh, assam,  arunachal pradesh",,1.0,11.91387334
dibrugarh,"odisha, bihar, assam, west bengal",,1.0,11.91387334
dibrugarh,"uttar pradesh , assam , bihar , west bengal, kerala",,1.0,11.91387334
dibrugarh,"uttar pradesh, bihar,  assam",,1.0,11.91387334
different parts of jammu,jammu and kashmir,,1.0,0.0
dima hasao,assam,,75.0,1.656871704
dima hasao,"assam, odisha, west bengal, bihar",,1.0,1.656871704
dima hasao,"jammu and kashmir, punjab, uttar pradesh, assam,  arunachal pradesh",,1.0,1.656871704
dima hasao,"odisha, bihar, assam, west bengal",,1.0,1.656871704
dima hasao,"uttar pradesh , assam , bihar , west bengal, kerala",,1.0,1.656871704
dima hasao,"uttar pradesh, bihar,  assam",,1.0,1.656871704
dimapur,nagaland,,3.0,1.716497018
dindigul,tamil nadu,,19.0,0.3793423
dindori,"andhra pradesh, madhya pradesh",,1.0,1.243229343
dindori,madhya pradesh,,9.0,1.243229343
dindori,"madhya pradesh, punjab, haryana, west bengal",,1.0,1.243229343
dindori,"odisha, bihar, uttar pradesh, madhya pradesh, rajasthan, haryana",,1.0,1.243229343
dindori,"rajasthan, bihar, madhya pradesh, gujarat, maharashtra, uttar pradesh",,1.0,1.243229343
districts of cauvery delta,tamil nadu,,1.0,0.0
districts of cauvery delta zone,tamil nadu,,1.0,0.0
doda,jammu & kashmir,,9.0,0.270530155
doda,jammu and kashmir,,22.0,0.270530155
doda,"jammu and kashmir, delhi, punjab",,1.0,0.270530155
doda,"jammu and kashmir, punjab, uttar pradesh, assam,  arunachal pradesh",,1.0,0.270530155
dumka,bihar,,1.0,0.227789055
dumka,"bihar, jharkhand",,1.0,0.227789055
dumka,jharkhand,,2.0,0.227789055
dungarpur,"kerala, rajasthan, haryana, uttar pradesh, bihar",,1.0,0.197777034
dungarpur,"odisha, bihar, uttar pradesh, madhya pradesh, rajasthan, haryana",,1.0,0.197777034
dungarpur,"odisha, rajasthan",,1.0,0.197777034
dungarpur,rajasthan,0.780290949659738,10.0,0.197777034
dungarpur,"rajasthan, bihar, madhya pradesh, gujarat, maharashtra, uttar pradesh",,1.0,0.197777034
dungarpur,"rajasthan, punjab, uttar pradesh",,1.0,0.197777034
durg,chhattisgarh,0.8332958466166888,9.0,0.43075371
durg,madhya pradesh,,4.0,0.43075371
east,andhra pradesh,,1.0,0.1
east,arunachal pradesh,,1.0,0.1
east,"bihar, jharkhand",,1.0,0.1
east,delhi,,14.0,0.1
east,"jammu and kashmir, delhi, punjab",,1.0,0.1
east,sikkim,,1.0,0.1
east & west godavari,andhra pradesh,,2.0,0.0
east & west purba purba medinipur,west bengal,,1.0,0.0
east east jaintia hills,meghalaya,,5.0,0.0
east garo hills,meghalaya,,9.0,0.686378319
east godavari,andhra pradesh,0.7393567502029598,37.0,3.702696517
east godavari,"andhra pradesh, madhya pradesh",,1.0,3.702696517
east godavari,"andhra pradesh, telangana",,1.0,3.702696517
east jaintia hills,meghalaya,,3.0,1.627446553
east kameng,arunachal pradesh,,22.0,1.326925325
east kameng,"jammu and kashmir, punjab, uttar pradesh, assam,  arunachal pradesh",,1.0,1.326925325
east khasi hills,meghalaya,,16.0,1.14976811
east nimar,"andhra pradesh, madhya pradesh",,1.0,0.011130804
east nimar,madhya pradesh,,7.0,0.011130804
east nimar,"madhya pradesh, punjab, haryana, west bengal",,1.0,0.011130804
east nimar,"odisha, bihar, uttar pradesh, madhya pradesh, rajasthan, haryana",,1.0,0.011130804
east nimar,"rajasthan, bihar, madhya pradesh, gujarat, maharashtra, uttar pradesh",,1.0,0.011130804
east siang,arunachal pradesh,,22.0,2.560087006
east siang,"jammu and kashmir, punjab, uttar pradesh, assam,  arunachal pradesh",,1.0,2.560087006
east uttar kashi pradesh,uttar pradesh,,5.0,0.0
east uttar kashi pradesh,"uttar pradesh, uttarakhand",,1.0,0.0
east west singhbhum,jharkhand,,1.0,0.0
entire village,uttarakhand,,1.0,0.0
eranakulam,kerala,0.8346928011518067,0.0,0.0
ernakulam,"karnataka, kerala",,1.0,1.260337983
ernakulam,kerala,,81.0,1.260337983
ernakulam,"kerala, karnataka",,1.0,1.260337983
ernakulam,"kerala, rajasthan, haryana, uttar pradesh, bihar",,1.0,1.260337983
ernakulam ant thiruvananthapuram,kerala,,1.0,0.0
ernakulam kannur,kerala,,1.0,0.0
erode,tamil nadu,,17.0,0.654316232
etah,"bihar, uttar pradesh, west bengal, himachal pradesh",,1.0,1.184889889
etah,"himachal pradesh, uttar pradesh",,1.0,1.184889889
etah,"himachal pradesh, uttar pradesh, bihar,  west bengal",,1.0,1.184889889
etah,"jammu and kashmir, punjab, uttar pradesh, assam,  arunachal pradesh",,1.0,1.184889889
etah,"kerala, rajasthan, haryana, uttar pradesh, bihar",,1.0,1.184889889
etah,"odisha, bihar, uttar pradesh, madhya pradesh, rajasthan, haryana",,1.0,1.184889889
etah,"rajasthan, bihar, madhya pradesh, gujarat, maharashtra, uttar pradesh",,1.0,1.184889889
etah,"rajasthan, punjab, uttar pradesh",,1.0,1.184889889
etah,uttar pradesh,0.6043068824116168,19.0,1.184889889
etah,"uttar pradesh , assam , bihar , west bengal, kerala",,1.0,1.184889889
etah,"uttar pradesh , uttarakhand",,1.0,1.184889889
etah,"uttar pradesh, bihar,  assam",,1.0,1.184889889
etah,"uttar pradesh, bihar, odisha, west bengal",,1.0,1.184889889
etah,"uttar pradesh, east rajasthan",,1.0,1.184889889
etah,"uttar pradesh, uttarakhand",,1.0,1.184889889
etah,"uttar pradesh, west bengal, bihar",,1.0,1.184889889
etawah,"bihar, uttar pradesh, west bengal, himachal pradesh",,1.0,8.501345772
etawah,"himachal pradesh, uttar pradesh",,1.0,8.501345772
etawah,"himachal pradesh, uttar pradesh, bihar,  west bengal",,1.0,8.501345772
etawah,"jammu and kashmir, punjab, uttar pradesh, assam,  arunachal pradesh",,1.0,8.501345772
etawah,"kerala, rajasthan, haryana, uttar pradesh, bihar",,1.0,8.501345772
etawah,"odisha, bihar, uttar pradesh, madhya pradesh, rajasthan, haryana",,1.0,8.501345772
etawah,"rajasthan, bihar, madhya pradesh, gujarat, maharashtra, uttar pradesh",,1.0,8.501345772
etawah,"rajasthan, punjab, uttar pradesh",,1.0,8.501345772
etawah,uttar pradesh,0.549648608358725,32.0,8.501345772
etawah,"uttar pradesh , assam , bihar , west bengal, kerala",,1.0,8.501345772
etawah,"uttar pradesh , uttarakhand",,1.0,8.501345772
etawah,"uttar pradesh, bihar,  assam",,1.0,8.501345772
etawah,"uttar pradesh, bihar, odisha, west bengal",,1.0,8.501345772
etawah,"uttar pradesh, east rajasthan",,1.0,8.501345772
etawah,"uttar pradesh, uttarakhand",,1.0,8.501345772
etawah,"uttar pradesh, west bengal, bihar",,1.0,8.501345772
faizabad,uttar pradesh,0.5936569470438002,0.0,3.807489683
faridabad,haryana,,16.0,6.911149485
faridabad,"kerala, rajasthan, haryana, uttar pradesh, bihar",,1.0,6.911149485
faridabad,"madhya pradesh, punjab, haryana, west bengal",,1.0,6.911149485
faridabad,"odisha, bihar, uttar pradesh, madhya pradesh, rajasthan, haryana",,1.0,6.911149485
faridkot,"jammu and kashmir, delhi, punjab",,1.0,4.441457773
faridkot,"jammu and kashmir, punjab, uttar pradesh, assam,  arunachal pradesh",,1.0,4.441457773
faridkot,"madhya pradesh, punjab, haryana, west bengal",,1.0,4.441457773
faridkot,punjab,,27.0,4.441457773
faridkot,"rajasthan, punjab, uttar pradesh",,1.0,4.441457773
farrukhabad,"bihar, uttar pradesh, west bengal, himachal pradesh",,1.0,6.215089637
farrukhabad,"himachal pradesh, uttar pradesh",,1.0,6.215089637
farrukhabad,"himachal pradesh, uttar pradesh, bihar,  west bengal",,1.0,6.215089637
farrukhabad,"jammu and kashmir, punjab, uttar pradesh, assam,  arunachal pradesh",,1.0,6.215089637
farrukhabad,"kerala, rajasthan, haryana, uttar pradesh, bihar",,1.0,6.215089637
farrukhabad,"odisha, bihar, uttar pradesh, madhya pradesh, rajasthan, haryana",,1.0,6.215089637
farrukhabad,"rajasthan, bihar, madhya pradesh, gujarat, maharashtra, uttar pradesh",,1.0,6.215089637
farrukhabad,"rajasthan, punjab, uttar pradesh",,1.0,6.215089637
farrukhabad,uttar pradesh,0.5635817528198881,23.0,6.215089637
farrukhabad,"uttar pradesh , assam , bihar , west bengal, kerala",,1.0,6.215089637
farrukhabad,"uttar pradesh , uttarakhand",,1.0,6.215089637
farrukhabad,"uttar pradesh, bihar,  assam",,1.0,6.215089637
farrukhabad,"uttar pradesh, bihar, odisha, west bengal",,1.0,6.215089637
farrukhabad,"uttar pradesh, east rajasthan",,1.0,6.215089637
farrukhabad,"uttar pradesh, uttarakhand",,2.0,6.215089637
farrukhabad,"uttar pradesh, west bengal, bihar",,1.0,6.215089637
fatehabad,haryana,,12.0,9.544000142
fatehabad,"kerala, rajasthan, haryana, uttar pradesh, bihar",,1.0,9.544000142
fatehabad,"madhya pradesh, punjab, haryana, west bengal",,1.0,9.544000142
fatehabad,"odisha, bihar, uttar pradesh, madhya pradesh, rajasthan, haryana",,1.0,9.544000142
fatehgarh sahib,"jammu and kashmir, delhi, punjab",,1.0,0.476176498
fatehgarh sahib,"jammu and kashmir, punjab, uttar pradesh, assam,  arunachal pradesh",,1.0,0.476176498
fatehgarh sahib,"madhya pradesh, punjab, haryana, west bengal",,1.0,0.476176498
fatehgarh sahib,punjab,,24.0,0.476176498
fatehgarh sahib,"rajasthan, punjab, uttar pradesh",,1.0,0.476176498
fatehpur,"bihar, uttar pradesh, west bengal, himachal pradesh",,1.0,5.696727002
fatehpur,"himachal pradesh, uttar pradesh",,1.0,5.696727002
fatehpur,"himachal pradesh, uttar pradesh, bihar,  west bengal",,1.0,5.696727002
fatehpur,"jammu and kashmir, punjab, uttar pradesh, assam,  arunachal pradesh",,1.0,5.696727002
fatehpur,"kerala, rajasthan, haryana, uttar pradesh, bihar",,1.0,5.696727002
fatehpur,"odisha, bihar, uttar pradesh, madhya pradesh, rajasthan, haryana",,1.0,5.696727002
fatehpur,"rajasthan, bihar, madhya pradesh, gujarat, maharashtra, uttar pradesh",,1.0,5.696727002
fatehpur,"rajasthan, punjab, uttar pradesh",,1.0,5.696727002
fatehpur,uttar pradesh,0.633112790943577,33.0,5.696727002
fatehpur,"uttar pradesh , assam , bihar , west bengal, kerala",,1.0,5.696727002
fatehpur,"uttar pradesh, bihar,  assam",,1.0,5.696727002
fatehpur,"uttar pradesh, bihar, odisha, west bengal",,1.0,5.696727002
fatehpur,"uttar pradesh, east rajasthan",,1.0,5.696727002
fatehpur,"uttar pradesh, uttarakhand",,2.0,5.696727002
fatehpur,"uttar pradesh, west bengal, bihar",,1.0,5.696727002
fazilka,"jammu and kashmir, delhi, punjab",,1.0,4.742047502
fazilka,"jammu and kashmir, punjab, uttar pradesh, assam,  arunachal pradesh",,1.0,4.742047502
fazilka,"madhya pradesh, punjab, haryana, west bengal",,1.0,4.742047502
fazilka,punjab,,20.0,4.742047502
fazilka,"rajasthan, punjab, uttar pradesh",,1.0,4.742047502
ferozepur,"jammu and kashmir, delhi, punjab",,1.0,0.0
ferozepur,"jammu and kashmir, punjab, uttar pradesh, assam,  arunachal pradesh",,1.0,0.0
ferozepur,"madhya pradesh, punjab, haryana, west bengal",,1.0,0.0
ferozepur,punjab,,37.0,0.0
ferozepur,"rajasthan, punjab, uttar pradesh",,1.0,0.0
ferozpur,punjab,0.3198547947763814,0.0,0.0
few districts,maharashtra,,1.0,0.0
firozabad,"bihar, uttar pradesh, west bengal, himachal pradesh",,1.0,4.216316792
firozabad,"himachal pradesh, uttar pradesh",,1.0,4.216316792
firozabad,"himachal pradesh, uttar pradesh, bihar,  west bengal",,1.0,4.216316792
firozabad,"jammu and kashmir, punjab, uttar pradesh, assam,  arunachal pradesh",,1.0,4.216316792
firozabad,"kerala, rajasthan, haryana, uttar pradesh, bihar",,1.0,4.216316792
firozabad,"odisha, bihar, uttar pradesh, madhya pradesh, rajasthan, haryana",,1.0,4.216316792
firozabad,"rajasthan, bihar, madhya pradesh, gujarat, maharashtra, uttar pradesh",,1.0,4.216316792
firozabad,"rajasthan, punjab, uttar pradesh",,1.0,4.216316792
firozabad,uttar pradesh,,19.0,4.216316792
firozabad,"uttar pradesh , assam , bihar , west bengal, kerala",,1.0,4.216316792
firozabad,"uttar pradesh , uttarakhand",,1.0,4.216316792
firozabad,"uttar pradesh, bihar,  assam",,1.0,4.216316792
firozabad,"uttar pradesh, bihar, odisha, west bengal",,1.0,4.216316792
firozabad,"uttar pradesh, east rajasthan",,1.0,4.216316792
firozabad,"uttar pradesh, west bengal, bihar",,1.0,4.216316792
gadag,karnataka,,38.0,0.773623563
gadag,"karnataka, kerala",,1.0,0.773623563
gadag,"kerala, karnataka",,1.0,0.773623563
gadchiroli,"bihar, maharashtra",,1.0,1.66295656
gadchiroli,maharashtra,,55.0,1.66295656
gadchiroli,"maharashtra, telangana",,1.0,1.66295656
gadchiroli,"rajasthan, bihar, madhya pradesh, gujarat, maharashtra, uttar pradesh",,1.0,1.66295656
gadchiroli yavotmal,maharashtra,,1.0,0.0
gajapati,"assam, odisha, west bengal, bihar",,1.0,0.579527084
gajapati,"bihar, odisha, west bengal, assam, andhra pradesh",,1.0,0.579527084
gajapati,madhya pradesh,,1.0,0.579527084
gajapati,odisha,,16.0,0.579527084
gajapati,"odisha, bihar, assam, west bengal",,1.0,0.579527084
gajapati,"odisha, bihar, uttar pradesh, madhya pradesh, rajasthan, haryana",,1.0,0.579527084
gajapati,"odisha, rajasthan",,1.0,0.579527084
gajapati,"uttar pradesh, bihar, odisha, west bengal",,1.0,0.579527084
ganderbal,jammu & kashmir,,7.0,1.495531299
ganderbal,jammu and kashmir,,14.0,1.495531299
ganderbal,"jammu and kashmir, delhi, punjab",,1.0,1.495531299
ganderbal,"jammu and kashmir, punjab, uttar pradesh, assam,  arunachal pradesh",,1.0,1.495531299
gandhinagar,gujarat,,19.0,1.279892254
gandhinagar,"rajasthan, bihar, madhya pradesh, gujarat, maharashtra, uttar pradesh",,1.0,1.279892254
ganganagar,"kerala, rajasthan, haryana, uttar pradesh, bihar",,1.0,6.595012526
ganganagar,"odisha, bihar, uttar pradesh, madhya pradesh, rajasthan, haryana",,1.0,6.595012526
ganganagar,"odisha, rajasthan",,1.0,6.595012526
ganganagar,rajasthan,0.5045394602526005,19.0,6.595012526
ganganagar,"rajasthan, bihar, madhya pradesh, gujarat, maharashtra, uttar pradesh",,1.0,6.595012526
ganganagar,"rajasthan, punjab, uttar pradesh",,1.0,6.595012526
gangtok,sikkim,,36.0,0.0
ganjam,"assam, odisha, west bengal, bihar",,1.0,2.595362139
ganjam,"bihar, odisha, west bengal, assam, andhra pradesh",,1.0,2.595362139
ganjam,madhya pradesh,,1.0,2.595362139
ganjam,odisha,,29.0,2.595362139
ganjam,"odisha, bihar, assam, west bengal",,1.0,2.595362139
ganjam,"odisha, bihar, uttar pradesh, madhya pradesh, rajasthan, haryana",,1.0,2.595362139
ganjam,"odisha, rajasthan",,1.0,2.595362139
ganjam,orissa,0.6896156095400369,0.0,2.595362139
ganjam,"uttar pradesh, bihar, odisha, west bengal",,1.0,2.595362139
garhwa,jharkhand,,7.0,0.547516784
garhwal,uttar pradesh,,7.0,0.318442467
garhwal,"uttar pradesh, uttarakhand",,3.0,0.318442467
garhwal,uttarakhand,0.8141590993519147,14.0,0.318442467
gautam buddha nagar,"bihar, uttar pradesh, west bengal, himachal pradesh",,1.0,4.668442714
gautam buddha nagar,"himachal pradesh, uttar pradesh",,1.0,4.668442714
gautam buddha nagar,"himachal pradesh, uttar pradesh, bihar,  west bengal",,1.0,4.668442714
gautam buddha nagar,"jammu and kashmir, punjab, uttar pradesh, assam,  arunachal pradesh",,1.0,4.668442714
gautam buddha nagar,"kerala, rajasthan, haryana, uttar pradesh, bihar",,1.0,4.668442714
gautam buddha nagar,"odisha, bihar, uttar pradesh, madhya pradesh, rajasthan, haryana",,1.0,4.668442714
gautam buddha nagar,"rajasthan, bihar, madhya pradesh, gujarat, maharashtra, uttar pradesh",,1.0,4.668442714
gautam buddha nagar,"rajasthan, punjab, uttar pradesh",,1.0,4.668442714
gautam buddha nagar,uttar pradesh,,15.0,4.668442714
gautam buddha nagar,"uttar pradesh , assam , bihar , west bengal, kerala",,1.0,4.668442714
gautam buddha nagar,"uttar pradesh , uttarakhand",,1.0,4.668442714
gautam buddha nagar,"uttar pradesh, bihar,  assam",,1.0,4.668442714
gautam buddha nagar,"uttar pradesh, bihar, odisha, west bengal",,1.0,4.668442714
gautam buddha nagar,"uttar pradesh, east rajasthan",,1.0,4.668442714
gautam buddha nagar,"uttar pradesh, west bengal, bihar",,1.0,4.668442714
gaya,bihar,0.6796678421939853,29.0,3.470539782
gaya,"bihar, maharashtra",,1.0,3.470539782
gaya,"bihar, odisha, west bengal, assam, andhra pradesh",,1.0,3.470539782
gaya,"bihar, uttar pradesh, west bengal, himachal pradesh",,1.0,3.470539782
gaya,"bihar, west bengal",,1.0,3.470539782
gaya,"himachal pradesh, uttar pradesh, bihar,  west bengal",,1.0,3.470539782
gaya,"kerala, rajasthan, haryana, uttar pradesh, bihar",,1.0,3.470539782
gaya,"odisha, bihar, assam, west bengal",,1.0,3.470539782
gaya,"odisha, bihar, uttar pradesh, madhya pradesh, rajasthan, haryana",,1.0,3.470539782
gaya,"rajasthan, bihar, madhya pradesh, gujarat, maharashtra, uttar pradesh",,1.0,3.470539782
gaya,"uttar pradesh , assam , bihar , west bengal, kerala",,1.0,3.470539782
gaya,"uttar pradesh, bihar,  assam",,1.0,3.470539782
gaya,"uttar pradesh, bihar, odisha, west bengal",,1.0,3.470539782
gaya,"west bengal, bihar",,1.0,3.470539782
ghat area,maharashtra,,1.0,0.0
ghaziabad,"bihar, uttar pradesh, west bengal, himachal pradesh",,1.0,2.474121961
ghaziabad,"himachal pradesh, uttar pradesh",,1.0,2.474121961
ghaziabad,"himachal pradesh, uttar pradesh, bihar,  west bengal",,1.0,2.474121961
ghaziabad,"jammu and kashmir, punjab, uttar pradesh, assam,  arunachal pradesh",,1.0,2.474121961
ghaziabad,"kerala, rajasthan, haryana, uttar pradesh, bihar",,1.0,2.474121961
ghaziabad,maharashtra,,1.0,2.474121961
ghaziabad,"odisha, bihar, uttar pradesh, madhya pradesh, rajasthan, haryana",,1.0,2.474121961
ghaziabad,"rajasthan, bihar, madhya pradesh, gujarat, maharashtra, uttar pradesh",,1.0,2.474121961
ghaziabad,"rajasthan, punjab, uttar pradesh",,1.0,2.474121961
ghaziabad,uttar pradesh,,17.0,2.474121961
ghaziabad,"uttar pradesh , assam , bihar , west bengal, kerala",,1.0,2.474121961
ghaziabad,"uttar pradesh , uttarakhand",,1.0,2.474121961
ghaziabad,"uttar pradesh, bihar,  assam",,1.0,2.474121961
ghaziabad,"uttar pradesh, bihar, odisha, west bengal",,1.0,2.474121961
ghaziabad,"uttar pradesh, east rajasthan",,1.0,2.474121961
ghaziabad,"uttar pradesh, west bengal, bihar",,1.0,2.474121961
ghazipur,uttar pradesh,0.6477916722967937,0.0,8.379915091
ghazipur,"uttar pradesh, bihar",,1.0,8.379915091
ghazipurr,"bihar, uttar pradesh, west bengal, himachal pradesh",,1.0,0.0
ghazipurr,"himachal pradesh, uttar pradesh",,1.0,0.0
ghazipurr,"himachal pradesh, uttar pradesh, bihar,  west bengal",,1.0,0.0
ghazipurr,"jammu and kashmir, punjab, uttar pradesh, assam,  arunachal pradesh",,1.0,0.0
ghazipurr,"kerala, rajasthan, haryana, uttar pradesh, bihar",,1.0,0.0
ghazipurr,"odisha, bihar, uttar pradesh, madhya pradesh, rajasthan, haryana",,1.0,0.0
ghazipurr,"rajasthan, bihar, madhya pradesh, gujarat, maharashtra, uttar pradesh",,1.0,0.0
ghazipurr,"rajasthan, punjab, uttar pradesh",,1.0,0.0
ghazipurr,uttar pradesh,,25.0,0.0
ghazipurr,"uttar pradesh , assam , bihar , west bengal, kerala",,1.0,0.0
ghazipurr,"uttar pradesh , uttarakhand",,1.0,0.0
ghazipurr,"uttar pradesh, bihar,  assam",,1.0,0.0
ghazipurr,"uttar pradesh, bihar, odisha, west bengal",,1.0,0.0
ghazipurr,"uttar pradesh, east rajasthan",,1.0,0.0
ghazipurr,"uttar pradesh, uttarakhand",,1.0,0.0
ghazipurr,"uttar pradesh, west bengal, bihar",,1.0,0.0
gir somnath,gujarat,,32.0,0.247012876
gir somnath,"rajasthan, bihar, madhya pradesh, gujarat, maharashtra, uttar pradesh",,1.0,0.247012876
giridih,jharkhand,,4.0,0.442880209
goa,daman and diu,,4.0,0.0
goalpara,assam,0.7729757166597685,135.0,12.6070399
goalpara,"assam, manipur, arunachal pradesh",,1.0,12.6070399
goalpara,"assam, odisha, west bengal, bihar",,1.0,12.6070399
goalpara,"jammu and kashmir, punjab, uttar pradesh, assam,  arunachal pradesh",,1.0,12.6070399
goalpara,"odisha, bihar, assam, west bengal",,1.0,12.6070399
goalpara,"uttar pradesh , assam , bihar , west bengal, kerala",,1.0,12.6070399
goalpara,"uttar pradesh, bihar,  assam",,1.0,12.6070399
godda,bihar,,1.0,0.308989819
godda,"bihar, jharkhand",,1.0,0.308989819
godda,jharkhand,,4.0,0.308989819
golaghat,assam,,127.0,11.59095462
golaghat,"assam, odisha, west bengal, bihar",,1.0,11.59095462
golaghat,"jammu and kashmir, punjab, uttar pradesh, assam,  arunachal pradesh",,1.0,11.59095462
golaghat,"odisha, bihar, assam, west bengal",,1.0,11.59095462
golaghat,"uttar pradesh , assam , bihar , west bengal, kerala",,1.0,11.59095462
golaghat,"uttar pradesh, bihar,  assam",,1.0,11.59095462
gomati,tripura,,19.0,2.517687708
gonda,"bihar, uttar pradesh, west bengal, himachal pradesh",,1.0,2.868823511
gonda,chhattisgarh,,1.0,2.868823511
gonda,"himachal pradesh, uttar pradesh",,1.0,2.868823511
gonda,"himachal pradesh, uttar pradesh, bihar,  west bengal",,1.0,2.868823511
gonda,"jammu and kashmir, punjab, uttar pradesh, assam,  arunachal pradesh",,1.0,2.868823511
gonda,"kerala, rajasthan, haryana, uttar pradesh, bihar",,1.0,2.868823511
gonda,"odisha, bihar, uttar pradesh, madhya pradesh, rajasthan, haryana",,1.0,2.868823511
gonda,"rajasthan, bihar, madhya pradesh, gujarat, maharashtra, uttar pradesh",,1.0,2.868823511
gonda,"rajasthan, punjab, uttar pradesh",,1.0,2.868823511
gonda,uttar pradesh,0.6592759711567926,52.0,2.868823511
gonda,"uttar pradesh , assam , bihar , west bengal, kerala",,1.0,2.868823511
gonda,"uttar pradesh , uttarakhand",,1.0,2.868823511
gonda,"uttar pradesh, bihar",,1.0,2.868823511
gonda,"uttar pradesh, bihar,  assam",,1.0,2.868823511
gonda,"uttar pradesh, bihar, odisha, west bengal",,1.0,2.868823511
gonda,"uttar pradesh, east rajasthan",,1.0,2.868823511
gonda,"uttar pradesh, uttarakhand",,3.0,2.868823511
gonda,"uttar pradesh, west bengal, bihar",,1.0,2.868823511
gondia,"bihar, maharashtra",,1.0,0.0
gondia,maharashtra,,37.0,0.0
gondia,"maharashtra, telangana",,1.0,0.0
gondia,"rajasthan, bihar, madhya pradesh, gujarat, maharashtra, uttar pradesh",,1.0,0.0
gopalganj,bihar,,33.0,5.467595215
gopalganj,"bihar, jharkhand",,2.0,5.467595215
gopalganj,"bihar, maharashtra",,1.0,5.467595215
gopalganj,"bihar, odisha, west bengal, assam, andhra pradesh",,1.0,5.467595215
gopalganj,"bihar, uttar pradesh, west bengal, himachal pradesh",,1.0,5.467595215
gopalganj,"bihar, west bengal",,1.0,5.467595215
gopalganj,"himachal pradesh, uttar pradesh, bihar,  west bengal",,1.0,5.467595215
gopalganj,"kerala, rajasthan, haryana, uttar pradesh, bihar",,1.0,5.467595215
gopalganj,"odisha, bihar, assam, west bengal",,1.0,5.467595215
gopalganj,"odisha, bihar, uttar pradesh, madhya pradesh, rajasthan, haryana",,1.0,5.467595215
gopalganj,"rajasthan, bihar, madhya pradesh, gujarat, maharashtra, uttar pradesh",,1.0,5.467595215
gopalganj,"uttar pradesh , assam , bihar , west bengal, kerala",,1.0,5.467595215
gopalganj,"uttar pradesh, bihar,  assam",,1.0,5.467595215
gopalganj,"uttar pradesh, bihar, odisha, west bengal",,1.0,5.467595215
gopalganj,"west bengal, bihar",,1.0,5.467595215
gorakhpur,"bihar, uttar pradesh, west bengal, himachal pradesh",,1.0,10.09175003
gorakhpur,"himachal pradesh, uttar pradesh",,1.0,10.09175003
gorakhpur,"himachal pradesh, uttar pradesh, bihar,  west bengal",,1.0,10.09175003
gorakhpur,"jammu and kashmir, punjab, uttar pradesh, assam,  arunachal pradesh",,1.0,10.09175003
gorakhpur,"kerala, rajasthan, haryana, uttar pradesh, bihar",,1.0,10.09175003
gorakhpur,"odisha, bihar, uttar pradesh, madhya pradesh, rajasthan, haryana",,1.0,10.09175003
gorakhpur,"rajasthan, bihar, madhya pradesh, gujarat, maharashtra, uttar pradesh",,1.0,10.09175003
gorakhpur,"rajasthan, punjab, uttar pradesh",,1.0,10.09175003
gorakhpur,uttar pradesh,0.6254635757154965,46.0,10.09175003
gorakhpur,"uttar pradesh , assam , bihar , west bengal, kerala",,1.0,10.09175003
gorakhpur,"uttar pradesh , uttarakhand",,1.0,10.09175003
gorakhpur,"uttar pradesh, bihar,  assam",,1.0,10.09175003
gorakhpur,"uttar pradesh, bihar, odisha, west bengal",,1.0,10.09175003
gorakhpur,"uttar pradesh, east rajasthan",,1.0,10.09175003
gorakhpur,"uttar pradesh, uttarakhand",,4.0,10.09175003
gorakhpur,"uttar pradesh, west bengal, bihar",,1.0,10.09175003
greater kolkata area,west bengal,,1.0,0.0
gulbarga / kalaburagi,karnataka,0.7502792600135202,0.0,0.0
gumla,jharkhand,,5.0,0.676989466
guna,"andhra pradesh, madhya pradesh",,1.0,0.457411017
guna,madhya pradesh,0.8044442872960891,13.0,0.457411017
guna,"madhya pradesh,  chhattisgarh",,2.0,0.457411017
guna,"madhya pradesh, punjab, haryana, west bengal",,1.0,0.457411017
guna,"odisha, bihar, uttar pradesh, madhya pradesh, rajasthan, haryana",,1.0,0.457411017
guna,"rajasthan, bihar, madhya pradesh, gujarat, maharashtra, uttar pradesh",,1.0,0.457411017
guntur,andhra pradesh,0.7297781680623787,32.0,9.242779332
guntur,"andhra pradesh, madhya pradesh",,1.0,9.242779332
guntur,"andhra pradesh, telangana",,1.0,9.242779332
gurdaspur,"jammu and kashmir, delhi, punjab",,1.0,7.99043277
gurdaspur,"jammu and kashmir, punjab, uttar pradesh, assam,  arunachal pradesh",,1.0,7.99043277
gurdaspur,"madhya pradesh, punjab, haryana, west bengal",,1.0,7.99043277
gurdaspur,punjab,0.4234818424412059,41.0,7.99043277
gurdaspur,"rajasthan, punjab, uttar pradesh",,1.0,7.99043277
gurgaon,haryana,0.48029931347124954,0.0,0.0
gurugram,haryana,,13.0,1.164893604
gurugram,"kerala, rajasthan, haryana, uttar pradesh, bihar",,1.0,1.164893604
gurugram,"madhya pradesh, punjab, haryana, west bengal",,1.0,1.164893604
gurugram,"odisha, bihar, uttar pradesh, madhya pradesh, rajasthan, haryana",,1.0,1.164893604
gwalior,"andhra pradesh, madhya pradesh",,1.0,0.157120971
gwalior,madhya pradesh,0.6237157494848519,16.0,0.157120971
gwalior,"madhya pradesh, punjab, haryana, west bengal",,1.0,0.157120971
gwalior,"odisha, bihar, uttar pradesh, madhya pradesh, rajasthan, haryana",,1.0,0.157120971
gwalior,"rajasthan, bihar, madhya pradesh, gujarat, maharashtra, uttar pradesh",,1.0,0.157120971
gwalior,uttar pradesh,,1.0,0.157120971
gyalshing,sikkim,,19.0,0.0
hailakandi,assam,,80.0,17.33980856
hailakandi,"assam, odisha, west bengal, bihar",,1.0,17.33980856
hailakandi,"jammu and kashmir, punjab, uttar pradesh, assam,  arunachal pradesh",,1.0,17.33980856
hailakandi,"odisha, bihar, assam, west bengal",,1.0,17.33980856
hailakandi,"uttar pradesh , assam , bihar , west bengal, kerala",,1.0,17.33980856
hailakandi,"uttar pradesh, bihar,  assam",,1.0,17.33980856
hamirpur,"bihar, uttar pradesh, west bengal, himachal pradesh",,1.0,6.04437889
hamirpur,himachal pradesh,,75.0,6.04437889
hamirpur,"himachal pradesh, uttar pradesh",,2.0,6.04437889
hamirpur,"himachal pradesh, uttar pradesh, bihar,  west bengal",,1.0,6.04437889
hamirpur,"jammu and kashmir, punjab, uttar pradesh, assam,  arunachal pradesh",,1.0,6.04437889
hamirpur,"kerala, rajasthan, haryana, uttar pradesh, bihar",,1.0,6.04437889
hamirpur,"odisha, bihar, uttar pradesh, madhya pradesh, rajasthan, haryana",,1.0,6.04437889
hamirpur,"rajasthan, bihar, madhya pradesh, gujarat, maharashtra, uttar pradesh",,1.0,6.04437889
hamirpur,"rajasthan, punjab, uttar pradesh",,1.0,6.04437889
hamirpur,uttar pradesh,0.7527938758712478,26.0,6.04437889
hamirpur,"uttar pradesh , assam , bihar , west bengal, kerala",,1.0,6.04437889
hamirpur,"uttar pradesh, bihar,  assam",,1.0,6.04437889
hamirpur,"uttar pradesh, bihar, odisha, west bengal",,1.0,6.04437889
hamirpur,"uttar pradesh, east rajasthan",,1.0,6.04437889
hamirpur,"uttar pradesh, uttarakhand",,2.0,6.04437889
hamirpur,"uttar pradesh, west bengal, bihar",,1.0,6.04437889
hanumangarh,"kerala, rajasthan, haryana, uttar pradesh, bihar",,1.0,3.706876306
hanumangarh,"odisha, bihar, uttar pradesh, madhya pradesh, rajasthan, haryana",,1.0,3.706876306
hanumangarh,"odisha, rajasthan",,1.0,3.706876306
hanumangarh,rajasthan,,7.0,3.706876306
hanumangarh,"rajasthan, bihar, madhya pradesh, gujarat, maharashtra, uttar pradesh",,1.0,3.706876306
hanumangarh,"rajasthan, punjab, uttar pradesh",,1.0,3.706876306
hapur,"bihar, uttar pradesh, west bengal, himachal pradesh",,1.0,1.527097452
hapur,"himachal pradesh, uttar pradesh",,1.0,1.527097452
hapur,"himachal pradesh, uttar pradesh, bihar,  west bengal",,1.0,1.527097452
hapur,"jammu and kashmir, punjab, uttar pradesh, assam,  arunachal pradesh",,1.0,1.527097452
hapur,"kerala, rajasthan, haryana, uttar pradesh, bihar",,1.0,1.527097452
hapur,"odisha, bihar, uttar pradesh, madhya pradesh, rajasthan, haryana",,1.0,1.527097452
hapur,"rajasthan, bihar, madhya pradesh, gujarat, maharashtra, uttar pradesh",,1.0,1.527097452
hapur,"rajasthan, punjab, uttar pradesh",,1.0,1.527097452
hapur,uttar pradesh,,12.0,1.527097452
hapur,"uttar pradesh , assam , bihar , west bengal, kerala",,1.0,1.527097452
hapur,"uttar pradesh , uttarakhand",,1.0,1.527097452
hapur,"uttar pradesh, bihar,  assam",,1.0,1.527097452
hapur,"uttar pradesh, bihar, odisha, west bengal",,1.0,1.527097452
hapur,"uttar pradesh, east rajasthan",,1.0,1.527097452
hapur,"uttar pradesh, west bengal, bihar",,1.0,1.527097452
harda,"andhra pradesh, madhya pradesh",,1.0,1.128090368
harda,madhya pradesh,,11.0,1.128090368
harda,"madhya pradesh, punjab, haryana, west bengal",,1.0,1.128090368
harda,"odisha, bihar, uttar pradesh, madhya pradesh, rajasthan, haryana",,1.0,1.128090368
harda,"rajasthan, bihar, madhya pradesh, gujarat, maharashtra, uttar pradesh",,1.0,1.128090368
hardoi,"bihar, uttar pradesh, west bengal, himachal pradesh",,1.0,4.346537435
hardoi,"himachal pradesh, uttar pradesh",,1.0,4.346537435
hardoi,"himachal pradesh, uttar pradesh, bihar,  west bengal",,1.0,4.346537435
hardoi,"jammu and kashmir, punjab, uttar pradesh, assam,  arunachal pradesh",,1.0,4.346537435
hardoi,"kerala, rajasthan, haryana, uttar pradesh, bihar",,1.0,4.346537435
hardoi,"odisha, bihar, uttar pradesh, madhya pradesh, rajasthan, haryana",,1.0,4.346537435
hardoi,"rajasthan, bihar, madhya pradesh, gujarat, maharashtra, uttar pradesh",,1.0,4.346537435
hardoi,"rajasthan, punjab, uttar pradesh",,1.0,4.346537435
hardoi,uttar pradesh,0.61249877942822,32.0,4.346537435
hardoi,"uttar pradesh , assam , bihar , west bengal, kerala",,1.0,4.346537435
hardoi,"uttar pradesh, bihar,  assam",,1.0,4.346537435
hardoi,"uttar pradesh, bihar, odisha, west bengal",,1.0,4.346537435
hardoi,"uttar pradesh, east rajasthan",,1.0,4.346537435
hardoi,"uttar pradesh, uttarakhand",,1.0,4.346537435
hardoi,"uttar pradesh, west bengal, bihar",,1.0,4.346537435
haridwar,uttar pradesh,,2.0,0.0
haridwar,"uttar pradesh, uttarakhand",,4.0,0.0
haridwar,uttarakhand,,3.0,0.0
hassan,karnataka,0.7687115724025387,41.0,0.048209394
hassan,"karnataka, kerala",,1.0,0.048209394
hassan,"kerala, karnataka",,1.0,0.048209394
hathras,"bihar, uttar pradesh, west bengal, himachal pradesh",,1.0,1.329597887
hathras,"himachal pradesh, uttar pradesh",,1.0,1.329597887
hathras,"himachal pradesh, uttar pradesh, bihar,  west bengal",,1.0,1.329597887
hathras,"jammu and kashmir, punjab, uttar pradesh, assam,  arunachal pradesh",,1.0,1.329597887
hathras,"kerala, rajasthan, haryana, uttar pradesh, bihar",,1.0,1.329597887
hathras,"odisha, bihar, uttar pradesh, madhya pradesh, rajasthan, haryana",,1.0,1.329597887
hathras,"rajasthan, bihar, madhya pradesh, gujarat, maharashtra, uttar pradesh",,1.0,1.329597887
hathras,"rajasthan, punjab, uttar pradesh",,1.0,1.329597887
hathras,uttar pradesh,,12.0,1.329597887
hathras,"uttar pradesh , assam , bihar , west bengal, kerala",,1.0,1.329597887
hathras,"uttar pradesh , uttarakhand",,1.0,1.329597887
hathras,"uttar pradesh, bihar,  assam",,1.0,1.329597887
hathras,"uttar pradesh, bihar, odisha, west bengal",,1.0,1.329597887
hathras,"uttar pradesh, east rajasthan",,1.0,1.329597887
hathras,"uttar pradesh, west bengal, bihar",,1.0,1.329597887
haveri,karnataka,,25.0,1.041587377
haveri,"karnataka, kerala",,1.0,1.041587377
haveri,"kerala, karnataka",,1.0,1.041587377
hazaribagh,jharkhand,0.771469738206474,15.0,0.077051711
heavy rains hazaribagh,jharkhand,,1.0,0.0
hilly areas,jammu and kashmir,,1.0,0.0
hingoli,"bihar, maharashtra",,1.0,0.002176496
hingoli,maharashtra,,29.0,0.002176496
hingoli,"maharashtra, telangana",,1.0,0.002176496
hingoli,"rajasthan, bihar, madhya pradesh, gujarat, maharashtra, uttar pradesh",,1.0,0.002176496
hisar,haryana,,17.0,4.24034665
hisar,"kerala, rajasthan, haryana, uttar pradesh, bihar",,1.0,4.24034665
hisar,"madhya pradesh, punjab, haryana, west bengal",,1.0,4.24034665
hisar,"odisha, bihar, uttar pradesh, madhya pradesh, rajasthan, haryana",,1.0,4.24034665
hisar,punjab,,1.0,4.24034665
hissar,haryana,0.37317975072292475,0.0,0.0
hojai,assam,,72.0,5.154656156
hojai,"assam, odisha, west bengal, bihar",,1.0,5.154656156
hojai,"jammu and kashmir, punjab, uttar pradesh, assam,  arunachal pradesh",,1.0,5.154656156
hojai,"odisha, bihar, assam, west bengal",,1.0,5.154656156
hojai,"uttar pradesh , assam , bihar , west bengal, kerala",,1.0,5.154656156
hojai,"uttar pradesh, bihar,  assam",,1.0,5.154656156
hooghly,uttar pradesh,,1.0,9.395681278
hooghly,west bengal,0.5979362975706096,30.0,9.395681278
hoshangabad,madhya pradesh,0.6775461982014304,0.0,1.375776716
hoshiarpur,"jammu and kashmir, delhi, punjab",,1.0,1.015664453
hoshiarpur,"jammu and kashmir, punjab, uttar pradesh, assam,  arunachal pradesh",,1.0,1.015664453
hoshiarpur,"madhya pradesh, punjab, haryana, west bengal",,1.0,1.015664453
hoshiarpur,punjab,0.43557290336312143,37.0,1.015664453
hoshiarpur,"rajasthan, punjab, uttar pradesh",,1.0,1.015664453
howrah,uttar pradesh,,2.0,19.56511981
howrah,west bengal,0.6753748027628331,28.0,19.56511981
hyderabad,andhra pradesh,,22.0,0.000277133
hyderabad,"andhra pradesh, telangana",,1.0,0.000277133
hyderabad,karnataka,,1.0,0.000277133
hyderabad,"maharashtra, telangana",,1.0,0.000277133
hyderabad,telangana,0.7218278279106609,14.0,0.000277133
hyderabad & parts of telangana,telangana,,1.0,0.0
idukki,"karnataka, kerala",,1.0,0.004693367
idukki,kerala,,113.0,0.004693367
idukki,"kerala, karnataka",,1.0,0.004693367
idukki,"kerala, rajasthan, haryana, uttar pradesh, bihar",,1.0,0.004693367
imphal east,manipur,,12.0,11.79273868
imphal west,manipur,,12.0,3.323981318
indore,"andhra pradesh, madhya pradesh",,1.0,0.263327649
indore,madhya pradesh,0.7619861689809492,29.0,0.263327649
indore,"madhya pradesh,  chhattisgarh",,2.0,0.263327649
indore,"madhya pradesh, punjab, haryana, west bengal",,1.0,0.263327649
indore,"odisha, bihar, uttar pradesh, madhya pradesh, rajasthan, haryana",,1.0,0.263327649
indore,"rajasthan, bihar, madhya pradesh, gujarat, maharashtra, uttar pradesh",,1.0,0.263327649
itanagar,arunachal pradesh,,20.0,0.0
jabalpur,"andhra pradesh, madhya pradesh",,1.0,0.609947111
jabalpur,madhya pradesh,0.7992097495911396,23.0,0.609947111
jabalpur,"madhya pradesh,  chhattisgarh",,4.0,0.609947111
jabalpur,"madhya pradesh, punjab, haryana, west bengal",,1.0,0.609947111
jabalpur,"odisha, bihar, uttar pradesh, madhya pradesh, rajasthan, haryana",,1.0,0.609947111
jabalpur,"rajasthan, bihar, madhya pradesh, gujarat, maharashtra, uttar pradesh",,1.0,0.609947111
jagatsinghapur,"assam, odisha, west bengal, bihar",,1.0,0.078061187
jagatsinghapur,"bihar, odisha, west bengal, assam, andhra pradesh",,1.0,0.078061187
jagatsinghapur,madhya pradesh,,1.0,0.078061187
jagatsinghapur,odisha,,15.0,0.078061187
jagatsinghapur,"odisha, bihar, assam, west bengal",,1.0,0.078061187
jagatsinghapur,"odisha, bihar, uttar pradesh, madhya pradesh, rajasthan, haryana",,1.0,0.078061187
jagatsinghapur,"odisha, rajasthan",,1.0,0.078061187
jagatsinghapur,"uttar pradesh, bihar, odisha, west bengal",,1.0,0.078061187
jagdalpur,chhattisgarh,,1.0,0.0
jagdalpur,"madhya pradesh,  chhattisgarh",,2.0,0.0
jagitial,andhra pradesh,,1.0,1.30267446
jagitial,"maharashtra, telangana",,1.0,1.30267446
jaipur,"kerala, rajasthan, haryana, uttar pradesh, bihar",,1.0,0.298918883
jaipur,odisha,,2.0,0.298918883
jaipur,"odisha, bihar, uttar pradesh, madhya pradesh, rajasthan, haryana",,1.0,0.298918883
jaipur,"odisha, rajasthan",,1.0,0.298918883
jaipur,rajasthan,0.7308463581065572,40.0,0.298918883
jaipur,"rajasthan, bihar, madhya pradesh, gujarat, maharashtra, uttar pradesh",,1.0,0.298918883
jaipur,"rajasthan, punjab, uttar pradesh",,1.0,0.298918883
jaisalmer,"kerala, rajasthan, haryana, uttar pradesh, bihar",,1.0,0.483488206
jaisalmer,"odisha, bihar, uttar pradesh, madhya pradesh, rajasthan, haryana",,1.0,0.483488206
jaisalmer,"odisha, rajasthan",,1.0,0.483488206
jaisalmer,rajasthan,0.8247054833567707,14.0,0.483488206
jaisalmer,"rajasthan, bihar, madhya pradesh, gujarat, maharashtra, uttar pradesh",,1.0,0.483488206
jaisalmer,"rajasthan, punjab, uttar pradesh",,1.0,0.483488206
jajapur,"assam, odisha, west bengal, bihar",,1.0,11.54713951
jajapur,"bihar, odisha, west bengal, assam, andhra pradesh",,1.0,11.54713951
jajapur,madhya pradesh,,1.0,11.54713951
jajapur,odisha,,18.0,11.54713951
jajapur,"odisha, bihar, assam, west bengal",,1.0,11.54713951
jajapur,"odisha, bihar, uttar pradesh, madhya pradesh, rajasthan, haryana",,1.0,11.54713951
jajapur,"odisha, rajasthan",,1.0,11.54713951
jajapur,"uttar pradesh, bihar, odisha, west bengal",,1.0,11.54713951
jalandhar,"jammu and kashmir, delhi, punjab",,1.0,5.423173348
jalandhar,"jammu and kashmir, punjab, uttar pradesh, assam,  arunachal pradesh",,1.0,5.423173348
jalandhar,"madhya pradesh, punjab, haryana, west bengal",,1.0,5.423173348
jalandhar,punjab,0.32769874790188036,42.0,5.423173348
jalandhar,"rajasthan, punjab, uttar pradesh",,1.0,5.423173348
jalaun,"bihar, uttar pradesh, west bengal, himachal pradesh",,1.0,4.80414767
jalaun,"himachal pradesh, uttar pradesh",,1.0,4.80414767
jalaun,"himachal pradesh, uttar pradesh, bihar,  west bengal",,1.0,4.80414767
jalaun,"jammu and kashmir, punjab, uttar pradesh, assam,  arunachal pradesh",,1.0,4.80414767
jalaun,"kerala, rajasthan, haryana, uttar pradesh, bihar",,1.0,4.80414767
jalaun,"odisha, bihar, uttar pradesh, madhya pradesh, rajasthan, haryana",,1.0,4.80414767
jalaun,"rajasthan, bihar, madhya pradesh, gujarat, maharashtra, uttar pradesh",,1.0,4.80414767
jalaun,"rajasthan, punjab, uttar pradesh",,1.0,4.80414767
jalaun,uttar pradesh,0.6974047725246814,20.0,4.80414767
jalaun,"uttar pradesh , assam , bihar , west bengal, kerala",,1.0,4.80414767
jalaun,"uttar pradesh, bihar,  assam",,1.0,4.80414767
jalaun,"uttar pradesh, bihar, odisha, west bengal",,1.0,4.80414767
jalaun,"uttar pradesh, east rajasthan",,1.0,4.80414767
jalaun,"uttar pradesh, west bengal, bihar",,1.0,4.80414767
jalgaon,"bihar, maharashtra",,1.0,1.018783927
jalgaon,maharashtra,0.773588976223525,44.0,1.018783927
jalgaon,"maharashtra, telangana",,1.0,1.018783927
jalgaon,"rajasthan, bihar, madhya pradesh, gujarat, maharashtra, uttar pradesh",,1.0,1.018783927
jalna,"bihar, maharashtra",,1.0,0.061033309
jalna,maharashtra,,42.0,0.061033309
jalna,"maharashtra, telangana",,1.0,0.061033309
jalna,"rajasthan, bihar, madhya pradesh, gujarat, maharashtra, uttar pradesh",,1.0,0.061033309
jalore,"kerala, rajasthan, haryana, uttar pradesh, bihar",,1.0,0.0
jalore,"odisha, bihar, uttar pradesh, madhya pradesh, rajasthan, haryana",,1.0,0.0
jalore,"odisha, rajasthan",,1.0,0.0
jalore,rajasthan,0.8600036280896237,15.0,0.0
jalore,"rajasthan, bihar, madhya pradesh, gujarat, maharashtra, uttar pradesh",,1.0,0.0
jalore,"rajasthan, punjab, uttar pradesh",,1.0,0.0
jaloree,rajasthan,,3.0,0.0
jalpaiguri,"assam, odisha, west bengal, bihar",,1.0,4.567777417
jalpaiguri,"bihar, odisha, west bengal, assam, andhra pradesh",,1.0,4.567777417
jalpaiguri,"bihar, uttar pradesh, west bengal, himachal pradesh",,1.0,4.567777417
jalpaiguri,"bihar, west bengal",,1.0,4.567777417
jalpaiguri,chhattisgarh,,2.0,4.567777417
jalpaiguri,"himachal pradesh, uttar pradesh, bihar,  west bengal",,1.0,4.567777417
jalpaiguri,"madhya pradesh, punjab, haryana, west bengal",,1.0,4.567777417
jalpaiguri,"odisha, bihar, assam, west bengal",,1.0,4.567777417
jalpaiguri,"uttar pradesh , assam , bihar , west bengal, kerala",,1.0,4.567777417
jalpaiguri,"uttar pradesh, bihar, odisha, west bengal",,1.0,4.567777417
jalpaiguri,"uttar pradesh, west bengal, bihar",,1.0,4.567777417
jalpaiguri,west bengal,0.709206802638083,43.0,4.567777417
jammu,jammu & kashmir,,1.0,1.589424608
jammu,jammu and kashmir,,44.0,1.589424608
jammu,"jammu and kashmir, delhi, punjab",,1.0,1.589424608
jammu,"jammu and kashmir, punjab, uttar pradesh, assam,  arunachal pradesh",,1.0,1.589424608
jamnagar,gujarat,0.7432609900082325,31.0,0.00210776
jamnagar,"rajasthan, bihar, madhya pradesh, gujarat, maharashtra, uttar pradesh",,1.0,0.00210776
jamtara,"bihar, jharkhand",,1.0,0.660567369
jamtara,jharkhand,,2.0,0.660567369
jamui,bihar,,18.0,0.413248775
jamui,"bihar, maharashtra",,1.0,0.413248775
jamui,"bihar, odisha, west bengal, assam, andhra pradesh",,1.0,0.413248775
jamui,"bihar, uttar pradesh, west bengal, himachal pradesh",,1.0,0.413248775
jamui,"bihar, west bengal",,1.0,0.413248775
jamui,"himachal pradesh, uttar pradesh, bihar,  west bengal",,1.0,0.413248775
jamui,"kerala, rajasthan, haryana, uttar pradesh, bihar",,1.0,0.413248775
jamui,"odisha, bihar, assam, west bengal",,1.0,0.413248775
jamui,"odisha, bihar, uttar pradesh, madhya pradesh, rajasthan, haryana",,1.0,0.413248775
jamui,"rajasthan, bihar, madhya pradesh, gujarat, maharashtra, uttar pradesh",,1.0,0.413248775
jamui,"uttar pradesh , assam , bihar , west bengal, kerala",,1.0,0.413248775
jamui,"uttar pradesh, bihar,  assam",,1.0,0.413248775
jamui,"uttar pradesh, bihar, odisha, west bengal",,1.0,0.413248775
jamui,"west bengal, bihar",,1.0,0.413248775
jangoan,andhra pradesh,,1.0,0.117767389
jangoan,"maharashtra, telangana",,1.0,0.117767389
janjgir-champa,chhattisgarh,,5.0,0.0
jashpur,"madhya pradesh,  chhattisgarh",,1.0,0.568829082
jaunpur,"bihar, uttar pradesh, west bengal, himachal pradesh",,1.0,4.243344328
jaunpur,"himachal pradesh, uttar pradesh",,1.0,4.243344328
jaunpur,"himachal pradesh, uttar pradesh, bihar,  west bengal",,1.0,4.243344328
jaunpur,"jammu and kashmir, punjab, uttar pradesh, assam,  arunachal pradesh",,1.0,4.243344328
jaunpur,"kerala, rajasthan, haryana, uttar pradesh, bihar",,1.0,4.243344328
jaunpur,"odisha, bihar, uttar pradesh, madhya pradesh, rajasthan, haryana",,1.0,4.243344328
jaunpur,"rajasthan, bihar, madhya pradesh, gujarat, maharashtra, uttar pradesh",,1.0,4.243344328
jaunpur,"rajasthan, punjab, uttar pradesh",,1.0,4.243344328
jaunpur,uttar pradesh,0.6291555638001495,30.0,4.243344328
jaunpur,"uttar pradesh , assam , bihar , west bengal, kerala",,1.0,4.243344328
jaunpur,"uttar pradesh , uttarakhand",,1.0,4.243344328
jaunpur,"uttar pradesh, bihar",,1.0,4.243344328
jaunpur,"uttar pradesh, bihar,  assam",,1.0,4.243344328
jaunpur,"uttar pradesh, bihar, odisha, west bengal",,1.0,4.243344328
jaunpur,"uttar pradesh, east rajasthan",,1.0,4.243344328
jaunpur,"uttar pradesh, uttarakhand",,2.0,4.243344328
jaunpur,"uttar pradesh, west bengal, bihar",,1.0,4.243344328
jawad,"madhya pradesh,  chhattisgarh",,1.0,0.0
jayashankar bhupalapally,andhra pradesh,,1.0,0.0
jayashankar bhupalapally,"maharashtra, telangana",,1.0,0.0
jayashankar bhupalapally,telangana,,5.0,0.0
jehanabad,bihar,,20.0,10.27922577
jehanabad,"bihar, maharashtra",,1.0,10.27922577
jehanabad,"bihar, odisha, west bengal, assam, andhra pradesh",,1.0,10.27922577
jehanabad,"bihar, uttar pradesh, west bengal, himachal pradesh",,1.0,10.27922577
jehanabad,"bihar, west bengal",,1.0,10.27922577
jehanabad,"himachal pradesh, uttar pradesh, bihar,  west bengal",,1.0,10.27922577
jehanabad,"kerala, rajasthan, haryana, uttar pradesh, bihar",,1.0,10.27922577
jehanabad,"odisha, bihar, assam, west bengal",,1.0,10.27922577
jehanabad,"odisha, bihar, uttar pradesh, madhya pradesh, rajasthan, haryana",,1.0,10.27922577
jehanabad,"rajasthan, bihar, madhya pradesh, gujarat, maharashtra, uttar pradesh",,1.0,10.27922577
jehanabad,"uttar pradesh , assam , bihar , west bengal, kerala",,1.0,10.27922577
jehanabad,"uttar pradesh, bihar,  assam",,1.0,10.27922577
jehanabad,"uttar pradesh, bihar, odisha, west bengal",,1.0,10.27922577
jehanabad,"west bengal, bihar",,1.0,10.27922577
jhabua,"andhra pradesh, madhya pradesh",,1.0,0.2786779
jhabua,madhya pradesh,0.787737415785214,10.0,0.2786779
jhabua,"madhya pradesh,  chhattisgarh",,1.0,0.2786779
jhabua,"madhya pradesh, punjab, haryana, west bengal",,1.0,0.2786779
jhabua,"odisha, bihar, uttar pradesh, madhya pradesh, rajasthan, haryana",,1.0,0.2786779
jhabua,"rajasthan, bihar, madhya pradesh, gujarat, maharashtra, uttar pradesh",,1.0,0.2786779
jhajjar,haryana,,9.0,1.429459568
jhajjar,"kerala, rajasthan, haryana, uttar pradesh, bihar",,1.0,1.429459568
jhajjar,"madhya pradesh, punjab, haryana, west bengal",,1.0,1.429459568
jhajjar,"odisha, bihar, uttar pradesh, madhya pradesh, rajasthan, haryana",,1.0,1.429459568
jhalawar,"kerala, rajasthan, haryana, uttar pradesh, bihar",,1.0,0.94013361
jhalawar,"odisha, bihar, uttar pradesh, madhya pradesh, rajasthan, haryana",,1.0,0.94013361
jhalawar,"odisha, rajasthan",,1.0,0.94013361
jhalawar,rajasthan,0.649164962433723,25.0,0.94013361
jhalawar,"rajasthan, bihar, madhya pradesh, gujarat, maharashtra, uttar pradesh",,1.0,0.94013361
jhalawar,"rajasthan, punjab, uttar pradesh",,1.0,0.94013361
jhansi,"bihar, uttar pradesh, west bengal, himachal pradesh",,1.0,1.823896934
jhansi,"himachal pradesh, uttar pradesh",,1.0,1.823896934
jhansi,"himachal pradesh, uttar pradesh, bihar,  west bengal",,1.0,1.823896934
jhansi,"jammu and kashmir, punjab, uttar pradesh, assam,  arunachal pradesh",,1.0,1.823896934
jhansi,"kerala, rajasthan, haryana, uttar pradesh, bihar",,1.0,1.823896934
jhansi,"odisha, bihar, uttar pradesh, madhya pradesh, rajasthan, haryana",,1.0,1.823896934
jhansi,"rajasthan, bihar, madhya pradesh, gujarat, maharashtra, uttar pradesh",,1.0,1.823896934
jhansi,"rajasthan, punjab, uttar pradesh",,1.0,1.823896934
jhansi,uttar pradesh,0.751074852028868,12.0,1.823896934
jhansi,"uttar pradesh , assam , bihar , west bengal, kerala",,1.0,1.823896934
jhansi,"uttar pradesh, bihar,  assam",,1.0,1.823896934
jhansi,"uttar pradesh, bihar, odisha, west bengal",,1.0,1.823896934
jhansi,"uttar pradesh, east rajasthan",,1.0,1.823896934
jhansi,"uttar pradesh, west bengal, bihar",,1.0,1.823896934
jharsuguda,"assam, odisha, west bengal, bihar",,1.0,0.163912049
jharsuguda,"bihar, odisha, west bengal, assam, andhra pradesh",,1.0,0.163912049
jharsuguda,madhya pradesh,,1.0,0.163912049
jharsuguda,odisha,,14.0,0.163912049
jharsuguda,"odisha, bihar, assam, west bengal",,1.0,0.163912049
jharsuguda,"odisha, bihar, uttar pradesh, madhya pradesh, rajasthan, haryana",,1.0,0.163912049
jharsuguda,"odisha, rajasthan",,1.0,0.163912049
jharsuguda,"uttar pradesh, bihar, odisha, west bengal",,1.0,0.163912049
jhelum,jammu and kashmir,,1.0,0.0
jhunjhunu,"odisha, bihar, uttar pradesh, madhya pradesh, rajasthan, haryana",,1.0,0.0
jhunjhunu,"odisha, rajasthan",,1.0,0.0
jhunjhunu,rajasthan,0.7529576032006804,8.0,0.0
jhunjhunu,"rajasthan, bihar, madhya pradesh, gujarat, maharashtra, uttar pradesh",,1.0,0.0
jhunjhunu,"rajasthan, punjab, uttar pradesh",,1.0,0.0
jhunjhunun,"kerala, rajasthan, haryana, uttar pradesh, bihar",,1.0,0.337147246
jind,haryana,0.4514340716426061,22.0,1.133905451
jind,"kerala, rajasthan, haryana, uttar pradesh, bihar",,1.0,1.133905451
jind,"madhya pradesh, punjab, haryana, west bengal",,1.0,1.133905451
jind,"odisha, bihar, uttar pradesh, madhya pradesh, rajasthan, haryana",,1.0,1.133905451
jiribam,manipur,,5.0,5.232607471
jodhpur,"kerala, rajasthan, haryana, uttar pradesh, bihar",,1.0,0.351856339
jodhpur,"odisha, bihar, uttar pradesh, madhya pradesh, rajasthan, haryana",,1.0,0.351856339
jodhpur,"odisha, rajasthan",,1.0,0.351856339
jodhpur,rajasthan,0.8292247758974455,38.0,0.351856339
jodhpur,"rajasthan, bihar, madhya pradesh, gujarat, maharashtra, uttar pradesh",,1.0,0.351856339
jodhpur,"rajasthan, punjab, uttar pradesh",,1.0,0.351856339
jogulamba gadwal,andhra pradesh,,2.0,1.404701855
jogulamba gadwal,"maharashtra, telangana",,1.0,1.404701855
jogulamba gadwal,telangana,,1.0,1.404701855
jorhat,assam,,131.0,6.654597736
jorhat,"assam, odisha, west bengal, bihar",,1.0,6.654597736
jorhat,"jammu and kashmir, punjab, uttar pradesh, assam,  arunachal pradesh",,1.0,6.654597736
jorhat,"odisha, bihar, assam, west bengal",,1.0,6.654597736
jorhat,"uttar pradesh , assam , bihar , west bengal, kerala",,1.0,6.654597736
jorhat,"uttar pradesh, bihar,  assam",,1.0,6.654597736
junagadh,gujarat,0.6220598416449759,51.0,1.19245741
junagadh,"rajasthan, bihar, madhya pradesh, gujarat, maharashtra, uttar pradesh",,1.0,1.19245741
kabeerdham,chhattisgarh,,2.0,0.564680218
kachchh,gujarat,,30.0,3.088679389
kachchh,"rajasthan, bihar, madhya pradesh, gujarat, maharashtra, uttar pradesh",,1.0,3.088679389
kadapa ysr,andhra pradesh,0.7235099488107645,0.0,0.0
kaimur (bhabua),bihar,,21.0,2.607282647
kaimur (bhabua),"bihar, maharashtra",,1.0,2.607282647
kaimur (bhabua),"bihar, odisha, west bengal, assam, andhra pradesh",,1.0,2.607282647
kaimur (bhabua),"bihar, uttar pradesh, west bengal, himachal pradesh",,1.0,2.607282647
kaimur (bhabua),"bihar, west bengal",,1.0,2.607282647
kaimur (bhabua),"himachal pradesh, uttar pradesh, bihar,  west bengal",,1.0,2.607282647
kaimur (bhabua),"kerala, rajasthan, haryana, uttar pradesh, bihar",,1.0,2.607282647
kaimur (bhabua),"odisha, bihar, assam, west bengal",,1.0,2.607282647
kaimur (bhabua),"odisha, bihar, uttar pradesh, madhya pradesh, rajasthan, haryana",,1.0,2.607282647
kaimur (bhabua),"rajasthan, bihar, madhya pradesh, gujarat, maharashtra, uttar pradesh",,1.0,2.607282647
kaimur (bhabua),"uttar pradesh , assam , bihar , west bengal, kerala",,1.0,2.607282647
kaimur (bhabua),"uttar pradesh, bihar,  assam",,1.0,2.607282647
kaimur (bhabua),"uttar pradesh, bihar, odisha, west bengal",,1.0,2.607282647
kaimur (bhabua),"west bengal, bihar",,1.0,2.607282647
kaithal,haryana,,11.0,3.116290715
kaithal,"kerala, rajasthan, haryana, uttar pradesh, bihar",,1.0,3.116290715
kaithal,"madhya pradesh, punjab, haryana, west bengal",,1.0,3.116290715
kaithal,"odisha, bihar, uttar pradesh, madhya pradesh, rajasthan, haryana",,1.0,3.116290715
kakching,manipur,,4.0,3.520388451
kalaburagi,karnataka,,51.0,0.562792586
kalaburagi,"karnataka, kerala",,1.0,0.562792586
kalaburagi,"kerala, karnataka",,1.0,0.562792586
kalahandi,"assam, odisha, west bengal, bihar",,1.0,0.398050093
kalahandi,"bihar, odisha, west bengal, assam, andhra pradesh",,1.0,0.398050093
kalahandi,madhya pradesh,,1.0,0.398050093
kalahandi,odisha,,28.0,0.398050093
kalahandi,"odisha, bihar, assam, west bengal",,1.0,0.398050093
kalahandi,"odisha, bihar, uttar pradesh, madhya pradesh, rajasthan, haryana",,1.0,0.398050093
kalahandi,"odisha, rajasthan",,1.0,0.398050093
kalahandi,orissa,0.7738782262411275,0.0,0.398050093
kalahandi,"uttar pradesh, bihar, odisha, west bengal",,1.0,0.398050093
kalimpong,west bengal,,4.0,0.958398623
kallakurichi,tamil nadu,,10.0,1.71000415
kamareddy,andhra pradesh,,1.0,0.951305306
kamareddy,"maharashtra, telangana",,1.0,0.951305306
kamareddy,telangana,,1.0,0.951305306
kamjong,manipur,,4.0,0.481550805
kamle,arunachal pradesh,,17.0,1.835951782
kamle,"jammu and kashmir, punjab, uttar pradesh, assam,  arunachal pradesh",,1.0,1.835951782
kamrup,assam,0.780075877117759,175.0,8.562804612
kamrup,"assam, manipur, arunachal pradesh",,1.0,8.562804612
kamrup,"assam, odisha, west bengal, bihar",,1.0,8.562804612
kamrup,"jammu and kashmir, punjab, uttar pradesh, assam,  arunachal pradesh",,1.0,8.562804612
kamrup,"odisha, bihar, assam, west bengal",,1.0,8.562804612
kamrup,"uttar pradesh , assam , bihar , west bengal, kerala",,1.0,8.562804612
kamrup,"uttar pradesh, bihar,  assam",,1.0,8.562804612
kamrup metro,assam,,95.0,0.0
kamrup metro,"assam, odisha, west bengal, bihar",,1.0,0.0
kamrup metro,"jammu and kashmir, punjab, uttar pradesh, assam,  arunachal pradesh",,1.0,0.0
kamrup metro,"odisha, bihar, assam, west bengal",,1.0,0.0
kamrup metro,"uttar pradesh , assam , bihar , west bengal, kerala",,1.0,0.0
kamrup metro,"uttar pradesh, bihar,  assam",,1.0,0.0
kancheepuram,tamil nadu,,15.0,1.758222114
kandhamal,"assam, odisha, west bengal, bihar",,1.0,0.541719782
kandhamal,"bihar, odisha, west bengal, assam, andhra pradesh",,1.0,0.541719782
kandhamal,madhya pradesh,,1.0,0.541719782
kandhamal,odisha,,25.0,0.541719782
kandhamal,"odisha, bihar, assam, west bengal",,1.0,0.541719782
kandhamal,"odisha, bihar, uttar pradesh, madhya pradesh, rajasthan, haryana",,1.0,0.541719782
kandhamal,"odisha, rajasthan",,1.0,0.541719782
kandhamal,"uttar pradesh, bihar, odisha, west bengal",,1.0,0.541719782
kangpokpi,manipur,,4.0,0.534498836
kangra,haryana,,1.0,0.077501311
kangra,himachal pradesh,0.7637837030288195,99.0,0.077501311
kangra,"himachal pradesh, uttar pradesh",,1.0,0.077501311
kannauj,"bihar, uttar pradesh, west bengal, himachal pradesh",,1.0,3.608993578
kannauj,"himachal pradesh, uttar pradesh",,1.0,3.608993578
kannauj,"himachal pradesh, uttar pradesh, bihar,  west bengal",,1.0,3.608993578
kannauj,"jammu and kashmir, punjab, uttar pradesh, assam,  arunachal pradesh",,1.0,3.608993578
kannauj,"kerala, rajasthan, haryana, uttar pradesh, bihar",,1.0,3.608993578
kannauj,"odisha, bihar, uttar pradesh, madhya pradesh, rajasthan, haryana",,1.0,3.608993578
kannauj,"rajasthan, bihar, madhya pradesh, gujarat, maharashtra, uttar pradesh",,1.0,3.608993578
kannauj,"rajasthan, punjab, uttar pradesh",,1.0,3.608993578
kannauj,uttar pradesh,,20.0,3.608993578
kannauj,"uttar pradesh , assam , bihar , west bengal, kerala",,1.0,3.608993578
kannauj,"uttar pradesh, bihar,  assam",,1.0,3.608993578
kannauj,"uttar pradesh, bihar, odisha, west bengal",,1.0,3.608993578
kannauj,"uttar pradesh, east rajasthan",,1.0,3.608993578
kannauj,"uttar pradesh, west bengal, bihar",,1.0,3.608993578
kanniyakumari,tamil nadu,,4.0,0.001570499
kanniyakumariumari,tamil nadu,,23.0,0.0
kannur,"karnataka, kerala",,1.0,2.357507247
kannur,kerala,0.8336900826519369,88.0,2.357507247
kannur,"kerala, karnataka",,1.0,2.357507247
kannur,"kerala, rajasthan, haryana, uttar pradesh, bihar",,1.0,2.357507247
kanpur,uttar pradesh,0.5662569290914835,0.0,0.0
kanpur nagar,rajasthan,,1.0,4.873739494
kanpur nagar,uttar pradesh,,5.0,4.873739494
kanpur nagar dehat,"bihar, uttar pradesh, west bengal, himachal pradesh",,1.0,0.0
kanpur nagar dehat,"himachal pradesh, uttar pradesh",,1.0,0.0
kanpur nagar dehat,"himachal pradesh, uttar pradesh, bihar,  west bengal",,1.0,0.0
kanpur nagar dehat,"jammu and kashmir, punjab, uttar pradesh, assam,  arunachal pradesh",,1.0,0.0
kanpur nagar dehat,"kerala, rajasthan, haryana, uttar pradesh, bihar",,1.0,0.0
kanpur nagar dehat,"odisha, bihar, uttar pradesh, madhya pradesh, rajasthan, haryana",,1.0,0.0
kanpur nagar dehat,"rajasthan, bihar, madhya pradesh, gujarat, maharashtra, uttar pradesh",,1.0,0.0
kanpur nagar dehat,"rajasthan, punjab, uttar pradesh",,1.0,0.0
kanpur nagar dehat,uttar pradesh,,37.0,0.0
kanpur nagar dehat,"uttar pradesh , assam , bihar , west bengal, kerala",,1.0,0.0
kanpur nagar dehat,"uttar pradesh, bihar,  assam",,1.0,0.0
kanpur nagar dehat,"uttar pradesh, bihar, odisha, west bengal",,1.0,0.0
kanpur nagar dehat,"uttar pradesh, east rajasthan",,1.0,0.0
kanpur nagar dehat,"uttar pradesh, uttarakhand",,1.0,0.0
kanpur nagar dehat,"uttar pradesh, west bengal, bihar",,1.0,0.0
kanpur nagar nagar,"bihar, uttar pradesh, west bengal, himachal pradesh",,1.0,0.0
kanpur nagar nagar,"himachal pradesh, uttar pradesh",,1.0,0.0
kanpur nagar nagar,"himachal pradesh, uttar pradesh, bihar,  west bengal",,1.0,0.0
kanpur nagar nagar,"jammu and kashmir, punjab, uttar pradesh, assam,  arunachal pradesh",,1.0,0.0
kanpur nagar nagar,"kerala, rajasthan, haryana, uttar pradesh, bihar",,1.0,0.0
kanpur nagar nagar,"odisha, bihar, uttar pradesh, madhya pradesh, rajasthan, haryana",,1.0,0.0
kanpur nagar nagar,"rajasthan, bihar, madhya pradesh, gujarat, maharashtra, uttar pradesh",,1.0,0.0
kanpur nagar nagar,"rajasthan, punjab, uttar pradesh",,1.0,0.0
kanpur nagar nagar,uttar pradesh,,26.0,0.0
kanpur nagar nagar,"uttar pradesh , assam , bihar , west bengal, kerala",,1.0,0.0
kanpur nagar nagar,"uttar pradesh, bihar,  assam",,1.0,0.0
kanpur nagar nagar,"uttar pradesh, bihar, odisha, west bengal",,1.0,0.0
kanpur nagar nagar,"uttar pradesh, east rajasthan",,1.0,0.0
kanpur nagar nagar,"uttar pradesh, uttarakhand",,1.0,0.0
kanpur nagar nagar,"uttar pradesh, west bengal, bihar",,1.0,0.0
kanpur nagar-dehat,uttar pradesh,,1.0,0.0
kanyakumari,tamil nadu,0.6808780286991296,0.0,0.0
kapurthala,"jammu and kashmir, delhi, punjab",,1.0,3.373204673
kapurthala,"jammu and kashmir, punjab, uttar pradesh, assam,  arunachal pradesh",,1.0,3.373204673
kapurthala,"madhya pradesh, punjab, haryana, west bengal",,1.0,3.373204673
kapurthala,punjab,0.35058238326978,36.0,3.373204673
kapurthala,"rajasthan, punjab, uttar pradesh",,1.0,3.373204673
karaikal,puducherry,,1.0,0.179114825
karaikal,tamil nadu,,1.0,0.179114825
karauli,"kerala, rajasthan, haryana, uttar pradesh, bihar",,1.0,0.435501401
karauli,"odisha, bihar, uttar pradesh, madhya pradesh, rajasthan, haryana",,1.0,0.435501401
karauli,"odisha, rajasthan",,1.0,0.435501401
karauli,rajasthan,,8.0,0.435501401
karauli,"rajasthan, bihar, madhya pradesh, gujarat, maharashtra, uttar pradesh",,1.0,0.435501401
karauli,"rajasthan, punjab, uttar pradesh",,1.0,0.435501401
karbi anglong,assam,0.7510499764771041,69.0,1.843256596
karbi anglong,"assam, odisha, west bengal, bihar",,1.0,1.843256596
karbi anglong,"jammu and kashmir, punjab, uttar pradesh, assam,  arunachal pradesh",,1.0,1.843256596
karbi anglong,"odisha, bihar, assam, west bengal",,1.0,1.843256596
karbi anglong,"uttar pradesh , assam , bihar , west bengal, kerala",,1.0,1.843256596
karbi anglong,"uttar pradesh, bihar,  assam",,1.0,1.843256596
kargil,jammu and kashmir,,7.0,0.286339875
kargil,ladakh,,1.0,0.286339875
karimganj,assam,,101.0,22.52672148
karimganj,"assam, manipur, tripura,  arunachal pradesh",,1.0,22.52672148
karimganj,"assam, odisha, west bengal, bihar",,1.0,22.52672148
karimganj,"jammu and kashmir, punjab, uttar pradesh, assam,  arunachal pradesh",,1.0,22.52672148
karimganj,"odisha, bihar, assam, west bengal",,1.0,22.52672148
karimganj,"uttar pradesh , assam , bihar , west bengal, kerala",,1.0,22.52672148
karimganj,"uttar pradesh, bihar,  assam",,1.0,22.52672148
karimnagar,andhra pradesh,,13.0,0.012822066
karimnagar,"maharashtra, telangana",,1.0,0.012822066
karimnagar,telangana,0.6941864147672928,15.0,0.012822066
karnal,haryana,0.39661142005805483,21.0,3.348768976
karnal,"kerala, rajasthan, haryana, uttar pradesh, bihar",,1.0,3.348768976
karnal,"madhya pradesh, punjab, haryana, west bengal",,1.0,3.348768976
karnal,"odisha, bihar, uttar pradesh, madhya pradesh, rajasthan, haryana",,1.0,3.348768976
karur,tamil nadu,,13.0,1.722278531
kasaragod,"karnataka, kerala",,1.0,2.303776192
kasaragod,kerala,,64.0,2.303776192
kasaragod,"kerala, karnataka",,1.0,2.303776192
kasaragod,"kerala, rajasthan, haryana, uttar pradesh, bihar",,1.0,2.303776192
kasganj,"bihar, uttar pradesh, west bengal, himachal pradesh",,1.0,11.48765717
kasganj,"himachal pradesh, uttar pradesh",,1.0,11.48765717
kasganj,"himachal pradesh, uttar pradesh, bihar,  west bengal",,1.0,11.48765717
kasganj,"jammu and kashmir, punjab, uttar pradesh, assam,  arunachal pradesh",,1.0,11.48765717
kasganj,"kerala, rajasthan, haryana, uttar pradesh, bihar",,1.0,11.48765717
kasganj,"odisha, bihar, uttar pradesh, madhya pradesh, rajasthan, haryana",,1.0,11.48765717
kasganj,"rajasthan, bihar, madhya pradesh, gujarat, maharashtra, uttar pradesh",,1.0,11.48765717
kasganj,"rajasthan, punjab, uttar pradesh",,1.0,11.48765717
kasganj,uttar pradesh,,13.0,11.48765717
kasganj,"uttar pradesh , assam , bihar , west bengal, kerala",,1.0,11.48765717
kasganj,"uttar pradesh , uttarakhand",,1.0,11.48765717
kasganj,"uttar pradesh, bihar,  assam",,1.0,11.48765717
kasganj,"uttar pradesh, bihar, odisha, west bengal",,1.0,11.48765717
kasganj,"uttar pradesh, east rajasthan",,1.0,11.48765717
kasganj,"uttar pradesh, west bengal, bihar",,1.0,11.48765717
kashmir,jammu and kashmir,,2.0,0.0
kashmir valley,jammu and kashmir,,6.0,0.0
kathua,jammu & kashmir,,7.0,0.045617922
kathua,jammu and kashmir,,20.0,0.045617922
kathua,"jammu and kashmir, delhi, punjab",,1.0,0.045617922
kathua,"jammu and kashmir, punjab, uttar pradesh, assam,  arunachal pradesh",,1.0,0.045617922
katihar,bihar,,49.0,11.4120932
katihar,"bihar, jharkhand",,3.0,11.4120932
katihar,"bihar, maharashtra",,1.0,11.4120932
katihar,"bihar, odisha, west bengal, assam, andhra pradesh",,1.0,11.4120932
katihar,"bihar, uttar pradesh, west bengal, himachal pradesh",,1.0,11.4120932
katihar,"bihar, west bengal",,1.0,11.4120932
katihar,"himachal pradesh, uttar pradesh, bihar,  west bengal",,1.0,11.4120932
katihar,"kerala, rajasthan, haryana, uttar pradesh, bihar",,1.0,11.4120932
katihar,"odisha, bihar, assam, west bengal",,1.0,11.4120932
katihar,"odisha, bihar, uttar pradesh, madhya pradesh, rajasthan, haryana",,1.0,11.4120932
katihar,"rajasthan, bihar, madhya pradesh, gujarat, maharashtra, uttar pradesh",,1.0,11.4120932
katihar,"uttar pradesh , assam , bihar , west bengal, kerala",,1.0,11.4120932
katihar,"uttar pradesh, bihar,  assam",,1.0,11.4120932
katihar,"uttar pradesh, bihar, odisha, west bengal",,1.0,11.4120932
katihar,"west bengal, bihar",,1.0,11.4120932
katni,"andhra pradesh, madhya pradesh",,1.0,0.530371053
katni,madhya pradesh,,8.0,0.530371053
katni,"madhya pradesh, punjab, haryana, west bengal",,1.0,0.530371053
katni,"odisha, bihar, uttar pradesh, madhya pradesh, rajasthan, haryana",,1.0,0.530371053
katni,"rajasthan, bihar, madhya pradesh, gujarat, maharashtra, uttar pradesh",,1.0,0.530371053
kaushambi,"bihar, uttar pradesh, west bengal, himachal pradesh",,1.0,5.222408303
kaushambi,"himachal pradesh, uttar pradesh",,1.0,5.222408303
kaushambi,"himachal pradesh, uttar pradesh, bihar,  west bengal",,1.0,5.222408303
kaushambi,"jammu and kashmir, punjab, uttar pradesh, assam,  arunachal pradesh",,1.0,5.222408303
kaushambi,"kerala, rajasthan, haryana, uttar pradesh, bihar",,1.0,5.222408303
kaushambi,"odisha, bihar, uttar pradesh, madhya pradesh, rajasthan, haryana",,1.0,5.222408303
kaushambi,"rajasthan, bihar, madhya pradesh, gujarat, maharashtra, uttar pradesh",,1.0,5.222408303
kaushambi,"rajasthan, punjab, uttar pradesh",,1.0,5.222408303
kaushambi,uttar pradesh,,19.0,5.222408303
kaushambi,"uttar pradesh , assam , bihar , west bengal, kerala",,1.0,5.222408303
kaushambi,"uttar pradesh, bihar,  assam",,1.0,5.222408303
kaushambi,"uttar pradesh, bihar, odisha, west bengal",,1.0,5.222408303
kaushambi,"uttar pradesh, east rajasthan",,1.0,5.222408303
kaushambi,"uttar pradesh, west bengal, bihar",,1.0,5.222408303
kendrapara,"assam, odisha, west bengal, bihar",,1.0,18.30023894
kendrapara,"bihar, odisha, west bengal, assam, andhra pradesh",,1.0,18.30023894
kendrapara,madhya pradesh,,1.0,18.30023894
kendrapara,odisha,,24.0,18.30023894
kendrapara,"odisha, bihar, assam, west bengal",,1.0,18.30023894
kendrapara,"odisha, bihar, uttar pradesh, madhya pradesh, rajasthan, haryana",,1.0,18.30023894
kendrapara,"odisha, rajasthan",,1.0,18.30023894
kendrapara,"uttar pradesh, bihar, odisha, west bengal",,1.0,18.30023894
kendujhar,"assam, odisha, west bengal, bihar",,1.0,1.121189194
kendujhar,"bihar, odisha, west bengal, assam, andhra pradesh",,1.0,1.121189194
kendujhar,madhya pradesh,,1.0,1.121189194
kendujhar,odisha,,30.0,1.121189194
kendujhar,"odisha, bihar, assam, west bengal",,1.0,1.121189194
kendujhar,"odisha, bihar, uttar pradesh, madhya pradesh, rajasthan, haryana",,1.0,1.121189194
kendujhar,"odisha, rajasthan",,1.0,1.121189194
kendujhar,"uttar pradesh, bihar, odisha, west bengal",,1.0,1.121189194
keonjhar,orissa,0.7485240886044345,0.0,0.0
khagaria,bihar,,38.0,11.60726948
khagaria,"bihar, jharkhand",,2.0,11.60726948
khagaria,"bihar, maharashtra",,1.0,11.60726948
khagaria,"bihar, odisha, west bengal, assam, andhra pradesh",,1.0,11.60726948
khagaria,"bihar, uttar pradesh, west bengal, himachal pradesh",,1.0,11.60726948
khagaria,"bihar, west bengal",,1.0,11.60726948
khagaria,"himachal pradesh, uttar pradesh, bihar,  west bengal",,1.0,11.60726948
khagaria,"kerala, rajasthan, haryana, uttar pradesh, bihar",,1.0,11.60726948
khagaria,"odisha, bihar, assam, west bengal",,1.0,11.60726948
khagaria,"odisha, bihar, uttar pradesh, madhya pradesh, rajasthan, haryana",,1.0,11.60726948
khagaria,"rajasthan, bihar, madhya pradesh, gujarat, maharashtra, uttar pradesh",,1.0,11.60726948
khagaria,"uttar pradesh , assam , bihar , west bengal, kerala",,1.0,11.60726948
khagaria,"uttar pradesh, bihar,  assam",,1.0,11.60726948
khagaria,"uttar pradesh, bihar, odisha, west bengal",,1.0,11.60726948
khagaria,"west bengal, bihar",,1.0,11.60726948
khammam,andhra pradesh,,31.0,0.101414173
khammam,"andhra pradesh, telangana",,1.0,0.101414173
khammam,"maharashtra, telangana",,1.0,0.101414173
khammam,telangana,0.7847976283333599,9.0,0.101414173
khandwa / east nimar,madhya pradesh,0.7610208301408514,0.0,0.0
khargone (khargone (west nimar)),"andhra pradesh, madhya pradesh",,1.0,0.0
khargone (khargone (west nimar)),madhya pradesh,,19.0,0.0
khargone (khargone (west nimar)),"madhya pradesh,  chhattisgarh",,5.0,0.0
khargone (khargone (west nimar)),"madhya pradesh, punjab, haryana, west bengal",,1.0,0.0
khargone (khargone (west nimar)),"odisha, bihar, uttar pradesh, madhya pradesh, rajasthan, haryana",,1.0,0.0
khargone (khargone (west nimar)),"rajasthan, bihar, madhya pradesh, gujarat, maharashtra, uttar pradesh",,1.0,0.0
khargone / west nimar,madhya pradesh,0.7449732655610658,0.0,0.0
kheda,gujarat,0.6403411796407441,25.0,2.845630539
kheda,"rajasthan, bihar, madhya pradesh, gujarat, maharashtra, uttar pradesh",,1.0,2.845630539
kheri,"bihar, uttar pradesh, west bengal, himachal pradesh",,1.0,6.940149845
kheri,"himachal pradesh, uttar pradesh",,1.0,6.940149845
kheri,"himachal pradesh, uttar pradesh, bihar,  west bengal",,1.0,6.940149845
kheri,"jammu and kashmir, punjab, uttar pradesh, assam,  arunachal pradesh",,1.0,6.940149845
kheri,"kerala, rajasthan, haryana, uttar pradesh, bihar",,1.0,6.940149845
kheri,"odisha, bihar, uttar pradesh, madhya pradesh, rajasthan, haryana",,1.0,6.940149845
kheri,"rajasthan, bihar, madhya pradesh, gujarat, maharashtra, uttar pradesh",,1.0,6.940149845
kheri,"rajasthan, punjab, uttar pradesh",,1.0,6.940149845
kheri,uttar pradesh,0.5950030504123763,43.0,6.940149845
kheri,"uttar pradesh , assam , bihar , west bengal, kerala",,1.0,6.940149845
kheri,"uttar pradesh, bihar,  assam",,1.0,6.940149845
kheri,"uttar pradesh, bihar, odisha, west bengal",,1.0,6.940149845
kheri,"uttar pradesh, east rajasthan",,1.0,6.940149845
kheri,"uttar pradesh, uttarakhand",,2.0,6.940149845
kheri,"uttar pradesh, west bengal, bihar",,1.0,6.940149845
khordha,"assam, odisha, west bengal, bihar",,1.0,2.152536584
khordha,"bihar, odisha, west bengal, assam, andhra pradesh",,1.0,2.152536584
khordha,madhya pradesh,,1.0,2.152536584
khordha,odisha,,22.0,2.152536584
khordha,"odisha, bihar, assam, west bengal",,1.0,2.152536584
khordha,"odisha, bihar, uttar pradesh, madhya pradesh, rajasthan, haryana",,1.0,2.152536584
khordha,"odisha, rajasthan",,1.0,2.152536584
khordha,"uttar pradesh, bihar, odisha, west bengal",,1.0,2.152536584
khowai,tripura,,20.0,0.889218209
khunti,jharkhand,,5.0,0.735774946
khurja,uttar pradesh,,1.0,0.0
kinnaur,himachal pradesh,0.7834701376168705,58.0,0.539592883
kinnaur,"himachal pradesh, uttar pradesh",,1.0,0.539592883
kiphire,nagaland,,2.0,1.066560501
kishanganj,bihar,,29.0,9.14902795
kishanganj,"bihar, jharkhand",,1.0,9.14902795
kishanganj,"bihar, maharashtra",,1.0,9.14902795
kishanganj,"bihar, odisha, west bengal, assam, andhra pradesh",,1.0,9.14902795
kishanganj,"bihar, uttar pradesh, west bengal, himachal pradesh",,1.0,9.14902795
kishanganj,"bihar, west bengal",,1.0,9.14902795
kishanganj,"himachal pradesh, uttar pradesh, bihar,  west bengal",,1.0,9.14902795
kishanganj,"kerala, rajasthan, haryana, uttar pradesh, bihar",,1.0,9.14902795
kishanganj,"odisha, bihar, assam, west bengal",,1.0,9.14902795
kishanganj,"odisha, bihar, uttar pradesh, madhya pradesh, rajasthan, haryana",,1.0,9.14902795
kishanganj,"rajasthan, bihar, madhya pradesh, gujarat, maharashtra, uttar pradesh",,1.0,9.14902795
kishanganj,"uttar pradesh , assam , bihar , west bengal, kerala",,1.0,9.14902795
kishanganj,"uttar pradesh, bihar",,1.0,9.14902795
kishanganj,"uttar pradesh, bihar,  assam",,1.0,9.14902795
kishanganj,"uttar pradesh, bihar, odisha, west bengal",,1.0,9.14902795
kishanganj,"west bengal, bihar",,1.0,9.14902795
kishtwar,jammu & kashmir,,10.0,0.281956344
kishtwar,jammu and kashmir,,12.0,0.281956344
kishtwar,"jammu and kashmir, delhi, punjab",,1.0,0.281956344
kishtwar,"jammu and kashmir, punjab, uttar pradesh, assam,  arunachal pradesh",,1.0,0.281956344
kochi,kerala,,1.0,0.0
kodagu,karnataka,,59.0,0.6410376
kodagu,"karnataka, kerala",,1.0,0.6410376
kodagu,"kerala, karnataka",,1.0,0.6410376
kodagu / coorg,karnataka,0.7888176420819476,0.0,0.0
koderma,jharkhand,,2.0,0.0
kohima,nagaland,,10.0,0.321623488
kokrajhar,assam,,69.0,2.517160431
kokrajhar,"assam, odisha, west bengal, bihar",,1.0,2.517160431
kokrajhar,"jammu and kashmir, punjab, uttar pradesh, assam,  arunachal pradesh",,1.0,2.517160431
kokrajhar,"odisha, bihar, assam, west bengal",,1.0,2.517160431
kokrajhar,"uttar pradesh , assam , bihar , west bengal, kerala",,1.0,2.517160431
kokrajhar,"uttar pradesh, bihar,  assam",,1.0,2.517160431
kokrajhar darrang,assam,,1.0,0.0
kolar,karnataka,0.754748474113436,26.0,0.151892948
kolar,"karnataka, kerala",,1.0,0.151892948
kolar,"kerala, karnataka",,1.0,0.151892948
kolasib,mizoram,,6.0,1.584069279
kolhapur,"bihar, maharashtra",,1.0,0.792546096
kolhapur,maharashtra,0.6183006348965983,51.0,0.792546096
kolhapur,"maharashtra, telangana",,1.0,0.792546096
kolhapur,"rajasthan, bihar, madhya pradesh, gujarat, maharashtra, uttar pradesh",,1.0,0.792546096
kolkata,uttar pradesh,,1.0,1.85061619
kolkata,west bengal,,72.0,1.85061619
kollam,"karnataka, kerala",,1.0,0.007181482
kollam,kerala,0.810432463480508,93.0,0.007181482
kollam,"kerala, rajasthan, haryana, uttar pradesh, bihar",,1.0,0.007181482
kollam kozhikode,kerala,,1.0,0.0
koppal,karnataka,,23.0,0.500672586
koppal,"karnataka, kerala",,1.0,0.500672586
koppal,"kerala, karnataka",,1.0,0.500672586
koraput,"assam, odisha, west bengal, bihar",,1.0,0.185330259
koraput,"bihar, odisha, west bengal, assam, andhra pradesh",,1.0,0.185330259
koraput,madhya pradesh,,1.0,0.185330259
koraput,odisha,,38.0,0.185330259
koraput,"odisha, bihar, assam, west bengal",,1.0,0.185330259
koraput,"odisha, bihar, uttar pradesh, madhya pradesh, rajasthan, haryana",,1.0,0.185330259
koraput,"odisha, rajasthan",,1.0,0.185330259
koraput,orissa,0.7394055265930816,0.0,0.185330259
koraput,"uttar pradesh, bihar, odisha, west bengal",,1.0,0.185330259
korba,chhattisgarh,,3.0,0.310367455
korea,chhattisgarh,,1.0,0.0
kota,"kerala, rajasthan, haryana, uttar pradesh, bihar",,1.0,2.379646678
kota,"odisha, bihar, uttar pradesh, madhya pradesh, rajasthan, haryana",,1.0,2.379646678
kota,"odisha, rajasthan",,1.0,2.379646678
kota,rajasthan,0.6000747025286046,46.0,2.379646678
kota,"rajasthan, bihar, madhya pradesh, gujarat, maharashtra, uttar pradesh",,1.0,2.379646678
kota,"rajasthan, punjab, uttar pradesh",,1.0,2.379646678
kottayam,"karnataka, kerala",,1.0,1.520735488
kottayam,kerala,0.7832556116714013,99.0,1.520735488
kottayam,"kerala, karnataka",,1.0,1.520735488
kottayam,"kerala, rajasthan, haryana, uttar pradesh, bihar",,1.0,1.520735488
kozhikode,"karnataka, kerala",,1.0,0.801183224
kozhikode,kerala,0.8361001082452072,110.0,0.801183224
kozhikode,"kerala, karnataka",,1.0,0.801183224
kozhikode,"kerala, rajasthan, haryana, uttar pradesh, bihar",,1.0,0.801183224
kra daadi,arunachal pradesh,,21.0,1.837849659
kra daadi,"jammu and kashmir, punjab, uttar pradesh, assam,  arunachal pradesh",,1.0,1.837849659
krishna,andhra pradesh,0.7455966132692352,35.0,0.709710375
krishna,"andhra pradesh, madhya pradesh",,1.0,0.709710375
krishna,"andhra pradesh, telangana",,1.0,0.709710375
krishna,karnataka,,1.0,0.709710375
krishnagiri,tamil nadu,,18.0,0.86428335
kulgam,jammu & kashmir,,2.0,0.022991182
kulgam,jammu and kashmir,,13.0,0.022991182
kulgam,"jammu and kashmir, delhi, punjab",,1.0,0.022991182
kulgam,"jammu and kashmir, punjab, uttar pradesh, assam,  arunachal pradesh",,1.0,0.022991182
kullu,himachal pradesh,0.7382639111046978,95.0,0.216410933
kullu,"himachal pradesh, uttar pradesh",,1.0,0.216410933
kumuram bheem asifabad,andhra pradesh,,1.0,1.134922452
kumuram bheem asifabad,"maharashtra, telangana",,1.0,1.134922452
kumuram bheem asifabad,telangana,,3.0,1.134922452
kupwara,jammu & kashmir,,6.0,0.51995716
kupwara,jammu and kashmir,,15.0,0.51995716
kupwara,"jammu and kashmir, delhi, punjab",,1.0,0.51995716
kupwara,"jammu and kashmir, punjab, uttar pradesh, assam,  arunachal pradesh",,1.0,0.51995716
kurnool,andhra pradesh,0.7033897227514971,33.0,0.289107666
kurnool,"andhra pradesh, madhya pradesh",,1.0,0.289107666
kurukshetra,haryana,,18.0,5.501219071
kurukshetra,"kerala, rajasthan, haryana, uttar pradesh, bihar",,1.0,5.501219071
kurukshetra,"madhya pradesh, punjab, haryana, west bengal",,1.0,5.501219071
kurukshetra,"odisha, bihar, uttar pradesh, madhya pradesh, rajasthan, haryana",,1.0,5.501219071
kurung kumey,arunachal pradesh,,24.0,0.555974167
kurung kumey,"jammu and kashmir, punjab, uttar pradesh, assam,  arunachal pradesh",,1.0,0.555974167
kushinagar,"bihar, uttar pradesh, west bengal, himachal pradesh",,1.0,4.208451529
kushinagar,"himachal pradesh, uttar pradesh",,1.0,4.208451529
kushinagar,"himachal pradesh, uttar pradesh, bihar,  west bengal",,1.0,4.208451529
kushinagar,"jammu and kashmir, punjab, uttar pradesh, assam,  arunachal pradesh",,1.0,4.208451529
kushinagar,"kerala, rajasthan, haryana, uttar pradesh, bihar",,1.0,4.208451529
kushinagar,"odisha, bihar, uttar pradesh, madhya pradesh, rajasthan, haryana",,1.0,4.208451529
kushinagar,"rajasthan, bihar, madhya pradesh, gujarat, maharashtra, uttar pradesh",,1.0,4.208451529
kushinagar,"rajasthan, punjab, uttar pradesh",,1.0,4.208451529
kushinagar,uttar pradesh,,15.0,4.208451529
kushinagar,"uttar pradesh , assam , bihar , west bengal, kerala",,1.0,4.208451529
kushinagar,"uttar pradesh, bihar,  assam",,1.0,4.208451529
kushinagar,"uttar pradesh, bihar, odisha, west bengal",,1.0,4.208451529
kushinagar,"uttar pradesh, east rajasthan",,1.0,4.208451529
kushinagar,"uttar pradesh, west bengal, bihar",,1.0,4.208451529
kutch,gujarat,0.7629746441409577,0.0,0.0
lahul & spiti,himachal pradesh,0.8894440063376112,0.0,0.011872748
lahul and spiti,himachal pradesh,,39.0,0.0
lahul and spiti,"himachal pradesh, uttar pradesh",,1.0,0.0
lakhimpur,assam,0.7996608022221807,209.0,14.44869666
lakhimpur,"assam, manipur, arunachal pradesh",,1.0,14.44869666
lakhimpur,"assam, odisha, west bengal, bihar",,1.0,14.44869666
lakhimpur,"jammu and kashmir, punjab, uttar pradesh, assam,  arunachal pradesh",,1.0,14.44869666
lakhimpur,"odisha, bihar, assam, west bengal",,1.0,14.44869666
lakhimpur,uttar pradesh,,3.0,14.44869666
lakhimpur,"uttar pradesh , assam , bihar , west bengal, kerala",,1.0,14.44869666
lakhimpur,"uttar pradesh, bihar,  assam",,1.0,14.44869666
lakhisarai,bihar,,23.0,12.08953008
lakhisarai,"bihar, maharashtra",,1.0,12.08953008
lakhisarai,"bihar, odisha, west bengal, assam, andhra pradesh",,1.0,12.08953008
lakhisarai,"bihar, uttar pradesh, west bengal, himachal pradesh",,1.0,12.08953008
lakhisarai,"bihar, west bengal",,1.0,12.08953008
lakhisarai,"himachal pradesh, uttar pradesh, bihar,  west bengal",,1.0,12.08953008
lakhisarai,"kerala, rajasthan, haryana, uttar pradesh, bihar",,1.0,12.08953008
lakhisarai,"odisha, bihar, assam, west bengal",,1.0,12.08953008
lakhisarai,"odisha, bihar, uttar pradesh, madhya pradesh, rajasthan, haryana",,1.0,12.08953008
lakhisarai,"rajasthan, bihar, madhya pradesh, gujarat, maharashtra, uttar pradesh",,1.0,12.08953008
lakhisarai,"uttar pradesh , assam , bihar , west bengal, kerala",,1.0,12.08953008
lakhisarai,"uttar pradesh, bihar,  assam",,1.0,12.08953008
lakhisarai,"uttar pradesh, bihar, odisha, west bengal",,1.0,12.08953008
lakhisarai,"west bengal, bihar",,1.0,12.08953008
lalitpur,"bihar, uttar pradesh, west bengal, himachal pradesh",,1.0,0.008823081
lalitpur,"himachal pradesh, uttar pradesh",,1.0,0.008823081
lalitpur,"himachal pradesh, uttar pradesh, bihar,  west bengal",,1.0,0.008823081
lalitpur,"jammu and kashmir, punjab, uttar pradesh, assam,  arunachal pradesh",,1.0,0.008823081
lalitpur,"kerala, rajasthan, haryana, uttar pradesh, bihar",,1.0,0.008823081
lalitpur,"odisha, bihar, uttar pradesh, madhya pradesh, rajasthan, haryana",,1.0,0.008823081
lalitpur,"rajasthan, bihar, madhya pradesh, gujarat, maharashtra, uttar pradesh",,1.0,0.008823081
lalitpur,"rajasthan, punjab, uttar pradesh",,1.0,0.008823081
lalitpur,uttar pradesh,,14.0,0.008823081
lalitpur,"uttar pradesh , assam , bihar , west bengal, kerala",,1.0,0.008823081
lalitpur,"uttar pradesh, bihar,  assam",,1.0,0.008823081
lalitpur,"uttar pradesh, bihar, odisha, west bengal",,1.0,0.008823081
lalitpur,"uttar pradesh, east rajasthan",,1.0,0.008823081
lalitpur,"uttar pradesh, west bengal, bihar",,1.0,0.008823081
latehar,jharkhand,,2.0,0.545231273
latur,"bihar, maharashtra",,1.0,0.209045748
latur,maharashtra,,41.0,0.209045748
latur,"maharashtra, telangana",,1.0,0.209045748
latur,"rajasthan, bihar, madhya pradesh, gujarat, maharashtra, uttar pradesh",,1.0,0.209045748
lawngtlai,mizoram,,7.0,2.792338513
leh ladakh,jammu & kashmir,,1.0,0.0
leh ladakh,jammu and kashmir,,3.0,0.0
leh ladakh,ladakh,,1.0,0.0
leparada,arunachal pradesh,,14.0,0.0
leparada,"jammu and kashmir, punjab, uttar pradesh, assam,  arunachal pradesh",,1.0,0.0
lohardaga,jharkhand,,5.0,0.791528779
lohit,arunachal pradesh,,37.0,2.147551477
lohit,"jammu and kashmir, punjab, uttar pradesh, assam,  arunachal pradesh",,1.0,2.147551477
longding,arunachal pradesh,,19.0,0.638916752
longding,"jammu and kashmir, punjab, uttar pradesh, assam,  arunachal pradesh",,1.0,0.638916752
longleng,nagaland,,1.0,2.837540944
lower dibang valley,arunachal pradesh,,22.0,1.397900013
lower dibang valley,"jammu and kashmir, punjab, uttar pradesh, assam,  arunachal pradesh",,1.0,1.397900013
lower lower subansiri,arunachal pradesh,,20.0,0.0
lower lower subansiri,"jammu and kashmir, punjab, uttar pradesh, assam,  arunachal pradesh",,1.0,0.0
lower siang,arunachal pradesh,,16.0,2.171988688
lower siang,"jammu and kashmir, punjab, uttar pradesh, assam,  arunachal pradesh",,1.0,2.171988688
lower subansiri,arunachal pradesh,,1.0,0.829376579
lucknow,"bihar, uttar pradesh, west bengal, himachal pradesh",,1.0,1.989261918
lucknow,"himachal pradesh, uttar pradesh",,1.0,1.989261918
lucknow,"himachal pradesh, uttar pradesh, bihar,  west bengal",,1.0,1.989261918
lucknow,"jammu and kashmir, punjab, uttar pradesh, assam,  arunachal pradesh",,1.0,1.989261918
lucknow,"kerala, rajasthan, haryana, uttar pradesh, bihar",,1.0,1.989261918
lucknow,"odisha, bihar, uttar pradesh, madhya pradesh, rajasthan, haryana",,1.0,1.989261918
lucknow,"rajasthan, bihar, madhya pradesh, gujarat, maharashtra, uttar pradesh",,1.0,1.989261918
lucknow,"rajasthan, punjab, uttar pradesh",,1.0,1.989261918
lucknow,uttar pradesh,0.6542476319631295,36.0,1.989261918
lucknow,"uttar pradesh , assam , bihar , west bengal, kerala",,1.0,1.989261918
lucknow,"uttar pradesh, bihar,  assam",,1.0,1.989261918
lucknow,"uttar pradesh, bihar, odisha, west bengal",,1.0,1.989261918
lucknow,"uttar pradesh, east rajasthan",,1.0,1.989261918
lucknow,"uttar pradesh, uttarakhand",,3.0,1.989261918
lucknow,"uttar pradesh, west bengal, bihar",,1.0,1.989261918
ludhiana,"jammu and kashmir, delhi, punjab",,1.0,4.779332462
ludhiana,"jammu and kashmir, punjab, uttar pradesh, assam,  arunachal pradesh",,1.0,4.779332462
ludhiana,"madhya pradesh, punjab, haryana, west bengal",,1.0,4.779332462
ludhiana,punjab,0.24589602843675568,34.0,4.779332462
ludhiana,"rajasthan, punjab, uttar pradesh",,1.0,4.779332462
lunglei,mizoram,,8.0,2.66098121
madhepura,bihar,,31.0,3.907767989
madhepura,"bihar, jharkhand",,1.0,3.907767989
madhepura,"bihar, maharashtra",,1.0,3.907767989
madhepura,"bihar, odisha, west bengal, assam, andhra pradesh",,1.0,3.907767989
madhepura,"bihar, uttar pradesh, west bengal, himachal pradesh",,1.0,3.907767989
madhepura,"bihar, west bengal",,1.0,3.907767989
madhepura,"himachal pradesh, uttar pradesh, bihar,  west bengal",,1.0,3.907767989
madhepura,"kerala, rajasthan, haryana, uttar pradesh, bihar",,1.0,3.907767989
madhepura,"odisha, bihar, assam, west bengal",,1.0,3.907767989
madhepura,"odisha, bihar, uttar pradesh, madhya pradesh, rajasthan, haryana",,1.0,3.907767989
madhepura,"rajasthan, bihar, madhya pradesh, gujarat, maharashtra, uttar pradesh",,1.0,3.907767989
madhepura,"uttar pradesh , assam , bihar , west bengal, kerala",,1.0,3.907767989
madhepura,"uttar pradesh, bihar,  assam",,1.0,3.907767989
madhepura,"uttar pradesh, bihar, odisha, west bengal",,1.0,3.907767989
madhepura,"west bengal, bihar",,1.0,3.907767989
madhubani,bihar,,50.0,3.746869093
madhubani,"bihar, jharkhand",,3.0,3.746869093
madhubani,"bihar, maharashtra",,1.0,3.746869093
madhubani,"bihar, odisha, west bengal, assam, andhra pradesh",,1.0,3.746869093
madhubani,"bihar, uttar pradesh, west bengal, himachal pradesh",,1.0,3.746869093
madhubani,"bihar, west bengal",,1.0,3.746869093
madhubani,"himachal pradesh, uttar pradesh, bihar,  west bengal",,1.0,3.746869093
madhubani,"kerala, rajasthan, haryana, uttar pradesh, bihar",,1.0,3.746869093
madhubani,"odisha, bihar, assam, west bengal",,1.0,3.746869093
madhubani,"odisha, bihar, uttar pradesh, madhya pradesh, rajasthan, haryana",,1.0,3.746869093
madhubani,"rajasthan, bihar, madhya pradesh, gujarat, maharashtra, uttar pradesh",,1.0,3.746869093
madhubani,"uttar pradesh , assam , bihar , west bengal, kerala",,1.0,3.746869093
madhubani,"uttar pradesh, bihar",,1.0,3.746869093
madhubani,"uttar pradesh, bihar,  assam",,1.0,3.746869093
madhubani,"uttar pradesh, bihar, odisha, west bengal",,1.0,3.746869093
madhubani,"west bengal, bihar",,1.0,3.746869093
madurai,tamil nadu,0.670589767175409,21.0,1.012920862
mahabubabad,andhra pradesh,,1.0,0.247662044
mahabubabad,"maharashtra, telangana",,1.0,0.247662044
mahabubabad,telangana,,4.0,0.247662044
mahabubnagar,andhra pradesh,,12.0,0.416806629
mahabubnagar,"maharashtra, telangana",,1.0,0.416806629
mahabubnagar,telangana,0.7573097783698794,9.0,0.416806629
mahasamund,chhattisgarh,,4.0,0.627540566
mahe,puducherry,,1.0,0.243893199
mahendragarh,haryana,,8.0,0.561660955
mahendragarh,"kerala, rajasthan, haryana, uttar pradesh, bihar",,1.0,0.561660955
mahendragarh,"madhya pradesh, punjab, haryana, west bengal",,1.0,0.561660955
mahendragarh,"odisha, bihar, uttar pradesh, madhya pradesh, rajasthan, haryana",,1.0,0.561660955
mahendragarh / narnaul,haryana,0.5529770645139024,0.0,0.0
mahesana,gujarat,,20.0,0.691706976
mahesana,"rajasthan, bihar, madhya pradesh, gujarat, maharashtra, uttar pradesh",,1.0,0.691706976
mahisagar,gujarat,,13.0,0.698306974
mahisagar,"rajasthan, bihar, madhya pradesh, gujarat, maharashtra, uttar pradesh",,1.0,0.698306974
mahoba,"bihar, uttar pradesh, west bengal, himachal pradesh",,1.0,0.238187011
mahoba,"himachal pradesh, uttar pradesh",,1.0,0.238187011
mahoba,"himachal pradesh, uttar pradesh, bihar,  west bengal",,1.0,0.238187011
mahoba,"jammu and kashmir, punjab, uttar pradesh, assam,  arunachal pradesh",,1.0,0.238187011
mahoba,"kerala, rajasthan, haryana, uttar pradesh, bihar",,1.0,0.238187011
mahoba,"odisha, bihar, uttar pradesh, madhya pradesh, rajasthan, haryana",,1.0,0.238187011
mahoba,"rajasthan, bihar, madhya pradesh, gujarat, maharashtra, uttar pradesh",,1.0,0.238187011
mahoba,"rajasthan, punjab, uttar pradesh",,1.0,0.238187011
mahoba,uttar pradesh,,13.0,0.238187011
mahoba,"uttar pradesh , assam , bihar , west bengal, kerala",,1.0,0.238187011
mahoba,"uttar pradesh, bihar,  assam",,1.0,0.238187011
mahoba,"uttar pradesh, bihar, odisha, west bengal",,1.0,0.238187011
mahoba,"uttar pradesh, east rajasthan",,1.0,0.238187011
mahoba,"uttar pradesh, west bengal, bihar",,1.0,0.238187011
mahrajganj,"bihar, uttar pradesh, west bengal, himachal pradesh",,1.0,3.253620339
mahrajganj,"himachal pradesh, uttar pradesh",,1.0,3.253620339
mahrajganj,"himachal pradesh, uttar pradesh, bihar,  west bengal",,1.0,3.253620339
mahrajganj,"jammu and kashmir, punjab, uttar pradesh, assam,  arunachal pradesh",,1.0,3.253620339
mahrajganj,"kerala, rajasthan, haryana, uttar pradesh, bihar",,1.0,3.253620339
mahrajganj,"odisha, bihar, uttar pradesh, madhya pradesh, rajasthan, haryana",,1.0,3.253620339
mahrajganj,"rajasthan, bihar, madhya pradesh, gujarat, maharashtra, uttar pradesh",,1.0,3.253620339
mahrajganj,"rajasthan, punjab, uttar pradesh",,1.0,3.253620339
mahrajganj,uttar pradesh,,13.0,3.253620339
mahrajganj,"uttar pradesh , assam , bihar , west bengal, kerala",,1.0,3.253620339
mahrajganj,"uttar pradesh, bihar,  assam",,1.0,3.253620339
mahrajganj,"uttar pradesh, bihar, odisha, west bengal",,1.0,3.253620339
mahrajganj,"uttar pradesh, east rajasthan",,1.0,3.253620339
mahrajganj,"uttar pradesh, west bengal, bihar",,1.0,3.253620339
mainpuri,"bihar, uttar pradesh, west bengal, himachal pradesh",,1.0,3.043030701
mainpuri,"himachal pradesh, uttar pradesh",,1.0,3.043030701
mainpuri,"himachal pradesh, uttar pradesh, bihar,  west bengal",,1.0,3.043030701
mainpuri,"jammu and kashmir, punjab, uttar pradesh, assam,  arunachal pradesh",,1.0,3.043030701
mainpuri,"kerala, rajasthan, haryana, uttar pradesh, bihar",,1.0,3.043030701
mainpuri,"odisha, bihar, uttar pradesh, madhya pradesh, rajasthan, haryana",,1.0,3.043030701
mainpuri,"rajasthan, bihar, madhya pradesh, gujarat, maharashtra, uttar pradesh",,1.0,3.043030701
mainpuri,"rajasthan, punjab, uttar pradesh",,1.0,3.043030701
mainpuri,uttar pradesh,0.5761074749868381,18.0,3.043030701
mainpuri,"uttar pradesh , assam , bihar , west bengal, kerala",,1.0,3.043030701
mainpuri,"uttar pradesh , uttarakhand",,1.0,3.043030701
mainpuri,"uttar pradesh, bihar,  assam",,1.0,3.043030701
mainpuri,"uttar pradesh, bihar, odisha, west bengal",,1.0,3.043030701
mainpuri,"uttar pradesh, east rajasthan",,1.0,3.043030701
mainpuri,"uttar pradesh, uttarakhand",,2.0,3.043030701
mainpuri,"uttar pradesh, west bengal, bihar",,1.0,3.043030701
majuli,assam,,70.0,8.241462489
majuli,"assam, odisha, west bengal, bihar",,1.0,8.241462489
majuli,"jammu and kashmir, punjab, uttar pradesh, assam,  arunachal pradesh",,1.0,8.241462489
majuli,"odisha, bihar, assam, west bengal",,1.0,8.241462489
majuli,"uttar pradesh , assam , bihar , west bengal, kerala",,1.0,8.241462489
majuli,"uttar pradesh, bihar,  assam",,1.0,8.241462489
malappuram,"karnataka, kerala",,1.0,1.678503228
malappuram,kerala,0.8342440213094486,94.0,1.678503228
malappuram,"kerala, karnataka",,1.0,1.678503228
malappuram,"kerala, rajasthan, haryana, uttar pradesh, bihar",,1.0,1.678503228
malda,madhya pradesh,,1.0,0.0
malda,uttar pradesh,,2.0,0.0
malda,west bengal,0.5765517689388797,36.0,0.0
maldah,"assam, odisha, west bengal, bihar",,1.0,9.357035639
maldah,"bihar, odisha, west bengal, assam, andhra pradesh",,1.0,9.357035639
maldah,"bihar, uttar pradesh, west bengal, himachal pradesh",,1.0,9.357035639
maldah,"bihar, west bengal",,1.0,9.357035639
maldah,"himachal pradesh, uttar pradesh, bihar,  west bengal",,1.0,9.357035639
maldah,"madhya pradesh, punjab, haryana, west bengal",,1.0,9.357035639
maldah,"odisha, bihar, assam, west bengal",,1.0,9.357035639
maldah,"uttar pradesh , assam , bihar , west bengal, kerala",,1.0,9.357035639
maldah,"uttar pradesh, bihar, odisha, west bengal",,1.0,9.357035639
maldah,"uttar pradesh, west bengal, bihar",,1.0,9.357035639
maldah,west bengal,,7.0,9.357035639
malikkeri,kerala,,1.0,0.0
malkangiri,"assam, odisha, west bengal, bihar",,1.0,0.073061589
malkangiri,"bihar, odisha, west bengal, assam, andhra pradesh",,1.0,0.073061589
malkangiri,madhya pradesh,,1.0,0.073061589
malkangiri,odisha,,16.0,0.073061589
malkangiri,"odisha, bihar, assam, west bengal",,1.0,0.073061589
malkangiri,"odisha, bihar, uttar pradesh, madhya pradesh, rajasthan, haryana",,1.0,0.073061589
malkangiri,"odisha, rajasthan",,1.0,0.073061589
malkangiri,"uttar pradesh, bihar, odisha, west bengal",,1.0,0.073061589
mamit,mizoram,,7.0,1.381857077
manali,himachal pradesh,,6.0,0.0
mancachar,assam,,19.0,0.0
mancherial,andhra pradesh,,1.0,1.336662971
mancherial,"maharashtra, telangana",,1.0,1.336662971
mancherial,telangana,,1.0,1.336662971
mandi,himachal pradesh,0.7760104006348663,88.0,0.736416396
mandi,"himachal pradesh, uttar pradesh",,1.0,0.736416396
mandla,"andhra pradesh, madhya pradesh",,1.0,0.665550482
mandla,madhya pradesh,0.8471275599376676,9.0,0.665550482
mandla,"madhya pradesh,  chhattisgarh",,2.0,0.665550482
mandla,"madhya pradesh, punjab, haryana, west bengal",,1.0,0.665550482
mandla,"odisha, bihar, uttar pradesh, madhya pradesh, rajasthan, haryana",,1.0,0.665550482
mandla,"rajasthan, bihar, madhya pradesh, gujarat, maharashtra, uttar pradesh",,1.0,0.665550482
mandsaur,"andhra pradesh, madhya pradesh",,1.0,0.035767514
mandsaur,madhya pradesh,0.7393607801765897,12.0,0.035767514
mandsaur,"madhya pradesh,  chhattisgarh",,3.0,0.035767514
mandsaur,"madhya pradesh, punjab, haryana, west bengal",,1.0,0.035767514
mandsaur,"odisha, bihar, uttar pradesh, madhya pradesh, rajasthan, haryana",,1.0,0.035767514
mandsaur,"rajasthan, bihar, madhya pradesh, gujarat, maharashtra, uttar pradesh",,1.0,0.035767514
mandya,karnataka,0.7210486112749919,28.0,1.416125561
mandya,"karnataka, kerala",,1.0,1.416125561
mandya,"kerala, karnataka",,1.0,1.416125561
mangalbari,west bengal,,1.0,0.0
mangalore,karnataka,,6.0,0.0
mangan,sikkim,,19.0,0.0
mansa,"jammu and kashmir, delhi, punjab",,1.0,2.759157184
mansa,"jammu and kashmir, punjab, uttar pradesh, assam,  arunachal pradesh",,1.0,2.759157184
mansa,"madhya pradesh, punjab, haryana, west bengal",,1.0,2.759157184
mansa,punjab,,25.0,2.759157184
mansa,"rajasthan, punjab, uttar pradesh",,1.0,2.759157184
many districts of south bengal,west bengal,,1.0,0.0
many districts of tamil nadu.,tamil nadu,,2.0,0.0
many districts of uttar kashi pradesh,uttar pradesh,,2.0,0.0
many parts,arunachal pradesh,,1.0,0.0
many parts,chhattisgarh,,1.0,0.0
many parts,gujarat,,2.0,0.0
many parts,"madhya pradesh,  chhattisgarh",,1.0,0.0
many parts,punjab,,1.0,0.0
many parts,tamil nadu,,1.0,0.0
many parts,uttar pradesh,,2.0,0.0
many parts of tamil nadu.,tamil nadu,,1.0,0.0
many parts of the state,odisha,,1.0,0.0
many parts of the state,punjab,,1.0,0.0
marathwada,maharashtra,,2.0,0.0
marigaon,assam,,130.0,0.0
marigaon,"assam, odisha, west bengal, bihar",,1.0,0.0
marigaon,"jammu and kashmir, punjab, uttar pradesh, assam,  arunachal pradesh",,1.0,0.0
marigaon,"odisha, bihar, assam, west bengal",,1.0,0.0
marigaon,"uttar pradesh , assam , bihar , west bengal, kerala",,1.0,0.0
marigaon,"uttar pradesh, bihar,  assam",,1.0,0.0
mathura,"bihar, uttar pradesh, west bengal, himachal pradesh",,1.0,4.807455013
mathura,"himachal pradesh, uttar pradesh",,1.0,4.807455013
mathura,"himachal pradesh, uttar pradesh, bihar,  west bengal",,1.0,4.807455013
mathura,"jammu and kashmir, punjab, uttar pradesh, assam,  arunachal pradesh",,1.0,4.807455013
mathura,"kerala, rajasthan, haryana, uttar pradesh, bihar",,1.0,4.807455013
mathura,"odisha, bihar, uttar pradesh, madhya pradesh, rajasthan, haryana",,1.0,4.807455013
mathura,"rajasthan, bihar, madhya pradesh, gujarat, maharashtra, uttar pradesh",,1.0,4.807455013
mathura,"rajasthan, punjab, uttar pradesh",,1.0,4.807455013
mathura,uttar pradesh,0.5609760354972739,19.0,4.807455013
mathura,"uttar pradesh , assam , bihar , west bengal, kerala",,1.0,4.807455013
mathura,"uttar pradesh , uttarakhand",,1.0,4.807455013
mathura,"uttar pradesh, bihar,  assam",,1.0,4.807455013
mathura,"uttar pradesh, bihar, odisha, west bengal",,1.0,4.807455013
mathura,"uttar pradesh, east rajasthan",,1.0,4.807455013
mathura,"uttar pradesh, uttarakhand",,2.0,4.807455013
mathura,"uttar pradesh, west bengal, bihar",,1.0,4.807455013
mathura,uttarakhand,,1.0,4.807455013
mau,"bihar, uttar pradesh, west bengal, himachal pradesh",,1.0,4.546093825
mau,"himachal pradesh, uttar pradesh",,1.0,4.546093825
mau,"himachal pradesh, uttar pradesh, bihar,  west bengal",,1.0,4.546093825
mau,"jammu and kashmir, punjab, uttar pradesh, assam,  arunachal pradesh",,1.0,4.546093825
mau,"kerala, rajasthan, haryana, uttar pradesh, bihar",,1.0,4.546093825
mau,"odisha, bihar, uttar pradesh, madhya pradesh, rajasthan, haryana",,1.0,4.546093825
mau,"rajasthan, bihar, madhya pradesh, gujarat, maharashtra, uttar pradesh",,1.0,4.546093825
mau,"rajasthan, punjab, uttar pradesh",,1.0,4.546093825
mau,uttar pradesh,,16.0,4.546093825
mau,"uttar pradesh , assam , bihar , west bengal, kerala",,1.0,4.546093825
mau,"uttar pradesh, bihar,  assam",,1.0,4.546093825
mau,"uttar pradesh, bihar, odisha, west bengal",,1.0,4.546093825
mau,"uttar pradesh, east rajasthan",,1.0,4.546093825
mau,"uttar pradesh, west bengal, bihar",,1.0,4.546093825
mayurbhanj,"assam, odisha, west bengal, bihar",,1.0,1.104038704
mayurbhanj,"bihar, odisha, west bengal, assam, andhra pradesh",,1.0,1.104038704
mayurbhanj,madhya pradesh,,1.0,1.104038704
mayurbhanj,odisha,,24.0,1.104038704
mayurbhanj,"odisha, bihar, assam, west bengal",,1.0,1.104038704
mayurbhanj,"odisha, bihar, uttar pradesh, madhya pradesh, rajasthan, haryana",,1.0,1.104038704
mayurbhanj,"odisha, rajasthan",,1.0,1.104038704
mayurbhanj,"uttar pradesh, bihar, odisha, west bengal",,1.0,1.104038704
mayurbhanja,orissa,0.7291258761335608,0.0,0.0
medak,andhra pradesh,,8.0,0.908345993
medak,"andhra pradesh, telangana",,1.0,0.908345993
medak,"maharashtra, telangana",,1.0,0.908345993
medak,telangana,0.7238918646733505,9.0,0.908345993
medchal malkajgiri,andhra pradesh,,1.0,0.230626522
medchal malkajgiri,"maharashtra, telangana",,1.0,0.230626522
medchal malkajgiri,telangana,,2.0,0.230626522
meerut,"bihar, uttar pradesh, west bengal, himachal pradesh",,1.0,3.276470073
meerut,"himachal pradesh, uttar pradesh",,1.0,3.276470073
meerut,"himachal pradesh, uttar pradesh, bihar,  west bengal",,1.0,3.276470073
meerut,"jammu and kashmir, punjab, uttar pradesh, assam,  arunachal pradesh",,1.0,3.276470073
meerut,"kerala, rajasthan, haryana, uttar pradesh, bihar",,1.0,3.276470073
meerut,"odisha, bihar, uttar pradesh, madhya pradesh, rajasthan, haryana",,1.0,3.276470073
meerut,"rajasthan, bihar, madhya pradesh, gujarat, maharashtra, uttar pradesh",,1.0,3.276470073
meerut,"rajasthan, punjab, uttar pradesh",,1.0,3.276470073
meerut,uttar pradesh,0.5085568296611311,25.0,3.276470073
meerut,"uttar pradesh , assam , bihar , west bengal, kerala",,1.0,3.276470073
meerut,"uttar pradesh, bihar,  assam",,1.0,3.276470073
meerut,"uttar pradesh, bihar, odisha, west bengal",,1.0,3.276470073
meerut,"uttar pradesh, east rajasthan",,1.0,3.276470073
meerut,"uttar pradesh, west bengal, bihar",,1.0,3.276470073
mehsana,gujarat,0.5991859488360878,0.0,0.0
midnapur,west bengal,0.6416697470928118,0.0,0.0
mirpur,jammu and kashmir,,11.0,0.33730821
mirpur,"jammu and kashmir, delhi, punjab",,1.0,0.33730821
mirpur,"jammu and kashmir, punjab, uttar pradesh, assam,  arunachal pradesh",,1.0,0.33730821
mirzapur,"bihar, uttar pradesh, west bengal, himachal pradesh",,1.0,2.685205968
mirzapur,"himachal pradesh, uttar pradesh",,1.0,2.685205968
mirzapur,"himachal pradesh, uttar pradesh, bihar,  west bengal",,1.0,2.685205968
mirzapur,"jammu and kashmir, punjab, uttar pradesh, assam,  arunachal pradesh",,1.0,2.685205968
mirzapur,"kerala, rajasthan, haryana, uttar pradesh, bihar",,1.0,2.685205968
mirzapur,"odisha, bihar, uttar pradesh, madhya pradesh, rajasthan, haryana",,1.0,2.685205968
mirzapur,"rajasthan, bihar, madhya pradesh, gujarat, maharashtra, uttar pradesh",,1.0,2.685205968
mirzapur,"rajasthan, punjab, uttar pradesh",,1.0,2.685205968
mirzapur,uttar pradesh,,31.0,2.685205968
mirzapur,"uttar pradesh , assam , bihar , west bengal, kerala",,1.0,2.685205968
mirzapur,"uttar pradesh , uttarakhand",,1.0,2.685205968
mirzapur,"uttar pradesh, bihar",,1.0,2.685205968
mirzapur,"uttar pradesh, bihar,  assam",,1.0,2.685205968
mirzapur,"uttar pradesh, bihar, odisha, west bengal",,1.0,2.685205968
mirzapur,"uttar pradesh, east rajasthan",,1.0,2.685205968
mirzapur,"uttar pradesh, uttarakhand",,1.0,2.685205968
mirzapur,"uttar pradesh, west bengal, bihar",,1.0,2.685205968
mirzpur,uttar pradesh,0.7202624497144323,0.0,0.0
moga,"jammu and kashmir, delhi, punjab",,1.0,2.73145838
moga,"jammu and kashmir, punjab, uttar pradesh, assam,  arunachal pradesh",,1.0,2.73145838
moga,"madhya pradesh, punjab, haryana, west bengal",,1.0,2.73145838
moga,punjab,,24.0,2.73145838
moga,"rajasthan, punjab, uttar pradesh",,1.0,2.73145838
mokokchung,nagaland,,1.0,1.200974196
mon,nagaland,,1.0,2.741637225
moradabad,"bihar, uttar pradesh, west bengal, himachal pradesh",,1.0,3.838687956
moradabad,"himachal pradesh, uttar pradesh",,1.0,3.838687956
moradabad,"himachal pradesh, uttar pradesh, bihar,  west bengal",,1.0,3.838687956
moradabad,"jammu and kashmir, punjab, uttar pradesh, assam,  arunachal pradesh",,1.0,3.838687956
moradabad,"kerala, rajasthan, haryana, uttar pradesh, bihar",,1.0,3.838687956
moradabad,"odisha, bihar, uttar pradesh, madhya pradesh, rajasthan, haryana",,1.0,3.838687956
moradabad,"rajasthan, bihar, madhya pradesh, gujarat, maharashtra, uttar pradesh",,1.0,3.838687956
moradabad,"rajasthan, punjab, uttar pradesh",,1.0,3.838687956
moradabad,uttar pradesh,0.5780595693177027,21.0,3.838687956
moradabad,"uttar pradesh , assam , bihar , west bengal, kerala",,1.0,3.838687956
moradabad,"uttar pradesh, bihar,  assam",,1.0,3.838687956
moradabad,"uttar pradesh, bihar, odisha, west bengal",,1.0,3.838687956
moradabad,"uttar pradesh, east rajasthan",,1.0,3.838687956
moradabad,"uttar pradesh, uttarakhand",,3.0,3.838687956
moradabad,"uttar pradesh, west bengal, bihar",,1.0,3.838687956
morbi,gujarat,,24.0,0.192014618
morbi,"rajasthan, bihar, madhya pradesh, gujarat, maharashtra, uttar pradesh",,1.0,0.192014618
morena,"andhra pradesh, madhya pradesh",,1.0,2.658013204
morena,madhya pradesh,0.5797758519635747,14.0,2.658013204
morena,"madhya pradesh, punjab, haryana, west bengal",,1.0,2.658013204
morena,"odisha, bihar, uttar pradesh, madhya pradesh, rajasthan, haryana",,1.0,2.658013204
morena,"rajasthan, bihar, madhya pradesh, gujarat, maharashtra, uttar pradesh",,1.0,2.658013204
most of the districts,andhra pradesh,,1.0,0.0
most of the districts,gujarat,,4.0,0.0
most parts,uttar pradesh,,1.0,0.0
most upper lower subansiri,arunachal pradesh,,1.0,0.0
mudigere,karnataka,,1.0,0.0
mulugu,andhra pradesh,,1.0,2.25270259
mulugu,"maharashtra, telangana",,1.0,2.25270259
mulugu,telangana,,3.0,2.25270259
mumbai,"bihar, maharashtra",,1.0,0.001000003
mumbai,maharashtra,,170.0,0.001000003
mumbai,"maharashtra, telangana",,1.0,0.001000003
mumbai,"rajasthan, bihar, madhya pradesh, gujarat, maharashtra, uttar pradesh",,1.0,0.001000003
mumbai (colaba),maharashtra,,1.0,0.0
mumbai suburban,"bihar, maharashtra",,1.0,0.000997242
mumbai suburban,maharashtra,,24.0,0.000997242
mumbai suburban,"maharashtra, telangana",,1.0,0.000997242
mumbai suburban,"rajasthan, bihar, madhya pradesh, gujarat, maharashtra, uttar pradesh",,1.0,0.000997242
mungair,bihar,0.7093954763314803,0.0,0.0
mungeli,chhattisgarh,,2.0,1.835241434
munger,bihar,,37.0,13.73832054
munger,"bihar, jharkhand",,1.0,13.73832054
munger,"bihar, maharashtra",,1.0,13.73832054
munger,"bihar, odisha, west bengal, assam, andhra pradesh",,1.0,13.73832054
munger,"bihar, uttar pradesh, west bengal, himachal pradesh",,1.0,13.73832054
munger,"bihar, west bengal",,1.0,13.73832054
munger,"himachal pradesh, uttar pradesh, bihar,  west bengal",,1.0,13.73832054
munger,"kerala, rajasthan, haryana, uttar pradesh, bihar",,1.0,13.73832054
munger,"odisha, bihar, assam, west bengal",,1.0,13.73832054
munger,"odisha, bihar, uttar pradesh, madhya pradesh, rajasthan, haryana",,1.0,13.73832054
munger,"rajasthan, bihar, madhya pradesh, gujarat, maharashtra, uttar pradesh",,1.0,13.73832054
munger,"uttar pradesh , assam , bihar , west bengal, kerala",,1.0,13.73832054
munger,"uttar pradesh, bihar,  assam",,1.0,13.73832054
munger,"uttar pradesh, bihar, odisha, west bengal",,1.0,13.73832054
munger,"west bengal, bihar",,1.0,13.73832054
murshidabad,"assam, odisha, west bengal, bihar",,1.0,10.40453429
murshidabad,"bihar, odisha, west bengal, assam, andhra pradesh",,1.0,10.40453429
murshidabad,"bihar, uttar pradesh, west bengal, himachal pradesh",,1.0,10.40453429
murshidabad,"bihar, west bengal",,1.0,10.40453429
murshidabad,"himachal pradesh, uttar pradesh, bihar,  west bengal",,1.0,10.40453429
murshidabad,"madhya pradesh, punjab, haryana, west bengal",,1.0,10.40453429
murshidabad,"odisha, bihar, assam, west bengal",,1.0,10.40453429
murshidabad,uttar pradesh,,1.0,10.40453429
murshidabad,"uttar pradesh , assam , bihar , west bengal, kerala",,1.0,10.40453429
murshidabad,"uttar pradesh, bihar, odisha, west bengal",,1.0,10.40453429
murshidabad,"uttar pradesh, west bengal, bihar",,1.0,10.40453429
murshidabad,west bengal,0.5837715857724349,34.0,10.40453429
muzaffarabad,jammu and kashmir,,11.0,0.429807163
muzaffarabad,"jammu and kashmir, delhi, punjab",,1.0,0.429807163
muzaffarabad,"jammu and kashmir, punjab, uttar pradesh, assam,  arunachal pradesh",,1.0,0.429807163
muzaffarnagar,"bihar, uttar pradesh, west bengal, himachal pradesh",,1.0,1.48110915
muzaffarnagar,"himachal pradesh, uttar pradesh",,1.0,1.48110915
muzaffarnagar,"himachal pradesh, uttar pradesh, bihar,  west bengal",,1.0,1.48110915
muzaffarnagar,"jammu and kashmir, punjab, uttar pradesh, assam,  arunachal pradesh",,1.0,1.48110915
muzaffarnagar,"kerala, rajasthan, haryana, uttar pradesh, bihar",,1.0,1.48110915
muzaffarnagar,"odisha, bihar, uttar pradesh, madhya pradesh, rajasthan, haryana",,1.0,1.48110915
muzaffarnagar,"rajasthan, bihar, madhya pradesh, gujarat, maharashtra, uttar pradesh",,1.0,1.48110915
muzaffarnagar,"rajasthan, punjab, uttar pradesh",,1.0,1.48110915
muzaffarnagar,uttar pradesh,0.5134937539587558,26.0,1.48110915
muzaffarnagar,"uttar pradesh , assam , bihar , west bengal, kerala",,1.0,1.48110915
muzaffarnagar,"uttar pradesh , uttarakhand",,1.0,1.48110915
muzaffarnagar,"uttar pradesh, bihar,  assam",,1.0,1.48110915
muzaffarnagar,"uttar pradesh, bihar, odisha, west bengal",,1.0,1.48110915
muzaffarnagar,"uttar pradesh, east rajasthan",,1.0,1.48110915
muzaffarnagar,"uttar pradesh, uttarakhand",,2.0,1.48110915
muzaffarnagar,"uttar pradesh, west bengal, bihar",,1.0,1.48110915
muzaffarpur,bihar,0.7360236069299972,46.0,11.7588689
muzaffarpur,"bihar, jharkhand",,4.0,11.7588689
muzaffarpur,"bihar, maharashtra",,1.0,11.7588689
muzaffarpur,"bihar, odisha, west bengal, assam, andhra pradesh",,1.0,11.7588689
muzaffarpur,"bihar, uttar pradesh, west bengal, himachal pradesh",,1.0,11.7588689
muzaffarpur,"bihar, west bengal",,1.0,11.7588689
muzaffarpur,"himachal pradesh, uttar pradesh, bihar,  west bengal",,1.0,11.7588689
muzaffarpur,"kerala, rajasthan, haryana, uttar pradesh, bihar",,1.0,11.7588689
muzaffarpur,"odisha, bihar, assam, west bengal",,1.0,11.7588689
muzaffarpur,"odisha, bihar, uttar pradesh, madhya pradesh, rajasthan, haryana",,1.0,11.7588689
muzaffarpur,"rajasthan, bihar, madhya pradesh, gujarat, maharashtra, uttar pradesh",,1.0,11.7588689
muzaffarpur,"uttar pradesh , assam , bihar , west bengal, kerala",,1.0,11.7588689
muzaffarpur,"uttar pradesh, bihar,  assam",,1.0,11.7588689
muzaffarpur,"uttar pradesh, bihar, odisha, west bengal",,1.0,11.7588689
muzaffarpur,"west bengal, bihar",,1.0,11.7588689
mysore,karnataka,0.7059368386039361,0.0,0.0
mysuru,karnataka,,49.0,0.377930553
mysuru,"karnataka, kerala",,1.0,0.377930553
mysuru,"kerala, karnataka",,1.0,0.377930553
nabarangpur,odisha,,3.0,0.0
nadia,"assam, odisha, west bengal, bihar",,1.0,9.926747682
nadia,"bihar, odisha, west bengal, assam, andhra pradesh",,1.0,9.926747682
nadia,"bihar, uttar pradesh, west bengal, himachal pradesh",,1.0,9.926747682
nadia,"bihar, west bengal",,1.0,9.926747682
nadia,"himachal pradesh, uttar pradesh, bihar,  west bengal",,1.0,9.926747682
nadia,"madhya pradesh, punjab, haryana, west bengal",,1.0,9.926747682
nadia,"odisha, bihar, assam, west bengal",,1.0,9.926747682
nadia,uttar pradesh,,1.0,9.926747682
nadia,"uttar pradesh , assam , bihar , west bengal, kerala",,1.0,9.926747682
nadia,"uttar pradesh, bihar, odisha, west bengal",,1.0,9.926747682
nadia,"uttar pradesh, west bengal, bihar",,1.0,9.926747682
nadia,west bengal,0.5754424567848877,26.0,9.926747682
nagaon,assam,0.764434116296985,173.0,13.41948919
nagaon,"assam, odisha, west bengal, bihar",,1.0,13.41948919
nagaon,"jammu and kashmir, punjab, uttar pradesh, assam,  arunachal pradesh",,1.0,13.41948919
nagaon,"odisha, bihar, assam, west bengal",,1.0,13.41948919
nagaon,"uttar pradesh , assam , bihar , west bengal, kerala",,1.0,13.41948919
nagaon,"uttar pradesh, bihar,  assam",,1.0,13.41948919
nagapattinam,tamil nadu,,27.0,8.469795512
nagarkoil,tamil nadu,,1.0,0.0
nagarkurnool,andhra pradesh,,1.0,1.284959401
nagarkurnool,"maharashtra, telangana",,1.0,1.284959401
nagarkurnool,telangana,,1.0,1.284959401
nagaur,"kerala, rajasthan, haryana, uttar pradesh, bihar",,1.0,0.313542369
nagaur,"odisha, bihar, uttar pradesh, madhya pradesh, rajasthan, haryana",,1.0,0.313542369
nagaur,"odisha, rajasthan",,1.0,0.313542369
nagaur,rajasthan,0.8227575647114872,15.0,0.313542369
nagaur,"rajasthan, bihar, madhya pradesh, gujarat, maharashtra, uttar pradesh",,1.0,0.313542369
nagaur,"rajasthan, punjab, uttar pradesh",,1.0,0.313542369
nagpur,"assam, odisha, west bengal, bihar",,1.0,0.398261272
nagpur,bihar,,1.0,0.398261272
nagpur,"bihar, maharashtra",,1.0,0.398261272
nagpur,"bihar, odisha, west bengal, assam, andhra pradesh",,1.0,0.398261272
nagpur,madhya pradesh,,1.0,0.398261272
nagpur,maharashtra,0.7912321493585336,152.0,0.398261272
nagpur,"maharashtra, telangana",,1.0,0.398261272
nagpur,odisha,,11.0,0.398261272
nagpur,"odisha, bihar, assam, west bengal",,1.0,0.398261272
nagpur,"odisha, bihar, uttar pradesh, madhya pradesh, rajasthan, haryana",,1.0,0.398261272
nagpur,"odisha, rajasthan",,1.0,0.398261272
nagpur,rajasthan,,3.0,0.398261272
nagpur,"rajasthan, bihar, madhya pradesh, gujarat, maharashtra, uttar pradesh",,1.0,0.398261272
nagpur,"uttar pradesh, bihar, odisha, west bengal",,1.0,0.398261272
nainital,himachal pradesh,,1.0,0.749324062
nainital,uttar pradesh,,4.0,0.749324062
nainital,"uttar pradesh, uttarakhand",,5.0,0.749324062
nainital,uttarakhand,0.4924309321571682,8.0,0.749324062
nalanda,bihar,,31.0,17.24872994
nalanda,"bihar, maharashtra",,1.0,17.24872994
nalanda,"bihar, odisha, west bengal, assam, andhra pradesh",,1.0,17.24872994
nalanda,"bihar, uttar pradesh, west bengal, himachal pradesh",,1.0,17.24872994
nalanda,"bihar, west bengal",,1.0,17.24872994
nalanda,"himachal pradesh, uttar pradesh, bihar,  west bengal",,1.0,17.24872994
nalanda,"kerala, rajasthan, haryana, uttar pradesh, bihar",,1.0,17.24872994
nalanda,"odisha, bihar, assam, west bengal",,1.0,17.24872994
nalanda,"odisha, bihar, uttar pradesh, madhya pradesh, rajasthan, haryana",,1.0,17.24872994
nalanda,"rajasthan, bihar, madhya pradesh, gujarat, maharashtra, uttar pradesh",,1.0,17.24872994
nalanda,"uttar pradesh , assam , bihar , west bengal, kerala",,1.0,17.24872994
nalanda,"uttar pradesh, bihar,  assam",,1.0,17.24872994
nalanda,"uttar pradesh, bihar, odisha, west bengal",,1.0,17.24872994
nalanda,"west bengal, bihar",,1.0,17.24872994
nalbari,assam,,131.0,6.588557735
nalbari,"assam, odisha, west bengal, bihar",,1.0,6.588557735
nalbari,"jammu and kashmir, punjab, uttar pradesh, assam,  arunachal pradesh",,1.0,6.588557735
nalbari,"odisha, bihar, assam, west bengal",,1.0,6.588557735
nalbari,"uttar pradesh , assam , bihar , west bengal, kerala",,1.0,6.588557735
nalbari,"uttar pradesh, bihar,  assam",,1.0,6.588557735
nalgonda,andhra pradesh,,12.0,0.010832661
nalgonda,"andhra pradesh, telangana",,1.0,0.010832661
nalgonda,"maharashtra, telangana",,1.0,0.010832661
nalgonda,telangana,0.7507249048280122,6.0,0.010832661
namakkal,tamil nadu,,13.0,0.389540051
namchi,sikkim,,18.0,0.0
namsai,arunachal pradesh,,17.0,3.783292115
namsai,"jammu and kashmir, punjab, uttar pradesh, assam,  arunachal pradesh",,1.0,3.783292115
nanded,"bihar, maharashtra",,1.0,1.150372003
nanded,maharashtra,0.84032206729793,63.0,1.150372003
nanded,"maharashtra, telangana",,1.0,1.150372003
nanded,"rajasthan, bihar, madhya pradesh, gujarat, maharashtra, uttar pradesh",,1.0,1.150372003
nandurbar,"bihar, maharashtra",,1.0,0.830013135
nandurbar,maharashtra,,19.0,0.830013135
nandurbar,"maharashtra, telangana",,1.0,0.830013135
nandurbar,"rajasthan, bihar, madhya pradesh, gujarat, maharashtra, uttar pradesh",,1.0,0.830013135
narayanpet,andhra pradesh,,1.0,0.76899113
narayanpet,"maharashtra, telangana",,1.0,0.76899113
narayanpet,telangana,,5.0,0.76899113
narayanpur,chhattisgarh,,2.0,0.572471381
narmada,gujarat,,24.0,3.114996648
narmada,"rajasthan, bihar, madhya pradesh, gujarat, maharashtra, uttar pradesh",,1.0,3.114996648
narmadapuram,"andhra pradesh, madhya pradesh",,1.0,0.0
narmadapuram,madhya pradesh,,19.0,0.0
narmadapuram,"madhya pradesh,  chhattisgarh",,4.0,0.0
narmadapuram,"madhya pradesh, punjab, haryana, west bengal",,1.0,0.0
narmadapuram,"odisha, bihar, uttar pradesh, madhya pradesh, rajasthan, haryana",,1.0,0.0
narmadapuram,"rajasthan, bihar, madhya pradesh, gujarat, maharashtra, uttar pradesh",,1.0,0.0
narsimhapur,"andhra pradesh, madhya pradesh",,1.0,1.976709412
narsimhapur,madhya pradesh,,9.0,1.976709412
narsimhapur,"madhya pradesh, punjab, haryana, west bengal",,1.0,1.976709412
narsimhapur,"odisha, bihar, uttar pradesh, madhya pradesh, rajasthan, haryana",,1.0,1.976709412
narsimhapur,"rajasthan, bihar, madhya pradesh, gujarat, maharashtra, uttar pradesh",,1.0,1.976709412
narsinghpur,madhya pradesh,0.6653778186728081,0.0,0.0
nashik,"bihar, maharashtra",,1.0,0.009474396
nashik,maharashtra,,83.0,0.009474396
nashik,"maharashtra, telangana",,1.0,0.009474396
nashik,"rajasthan, bihar, madhya pradesh, gujarat, maharashtra, uttar pradesh",,1.0,0.009474396
nasik,maharashtra,0.7789588637921988,0.0,0.0
navsari,gujarat,,29.0,2.26353903
navsari,"rajasthan, bihar, madhya pradesh, gujarat, maharashtra, uttar pradesh",,1.0,2.26353903
nawada,bihar,,25.0,1.761243108
nawada,"bihar, maharashtra",,1.0,1.761243108
nawada,"bihar, odisha, west bengal, assam, andhra pradesh",,1.0,1.761243108
nawada,"bihar, uttar pradesh, west bengal, himachal pradesh",,1.0,1.761243108
nawada,"bihar, west bengal",,1.0,1.761243108
nawada,"himachal pradesh, uttar pradesh, bihar,  west bengal",,1.0,1.761243108
nawada,"kerala, rajasthan, haryana, uttar pradesh, bihar",,1.0,1.761243108
nawada,"odisha, bihar, assam, west bengal",,1.0,1.761243108
nawada,"odisha, bihar, uttar pradesh, madhya pradesh, rajasthan, haryana",,1.0,1.761243108
nawada,"rajasthan, bihar, madhya pradesh, gujarat, maharashtra, uttar pradesh",,1.0,1.761243108
nawada,"uttar pradesh , assam , bihar , west bengal, kerala",,1.0,1.761243108
nawada,"uttar pradesh, bihar,  assam",,1.0,1.761243108
nawada,"uttar pradesh, bihar, odisha, west bengal",,1.0,1.761243108
nawada,"west bengal, bihar",,1.0,1.761243108
nayagarh,"assam, odisha, west bengal, bihar",,1.0,4.447805894
nayagarh,"bihar, odisha, west bengal, assam, andhra pradesh",,1.0,4.447805894
nayagarh,madhya pradesh,,1.0,4.447805894
nayagarh,odisha,,19.0,4.447805894
nayagarh,"odisha, bihar, assam, west bengal",,1.0,4.447805894
nayagarh,"odisha, bihar, uttar pradesh, madhya pradesh, rajasthan, haryana",,1.0,4.447805894
nayagarh,"odisha, rajasthan",,1.0,4.447805894
nayagarh,"uttar pradesh, bihar, odisha, west bengal",,1.0,4.447805894
neemuch,"andhra pradesh, madhya pradesh",,1.0,0.047005244
neemuch,madhya pradesh,,6.0,0.047005244
neemuch,"madhya pradesh,  chhattisgarh",,2.0,0.047005244
neemuch,"madhya pradesh, punjab, haryana, west bengal",,1.0,0.047005244
neemuch,"odisha, bihar, uttar pradesh, madhya pradesh, rajasthan, haryana",,1.0,0.047005244
neemuch,"rajasthan, bihar, madhya pradesh, gujarat, maharashtra, uttar pradesh",,1.0,0.047005244
neighborhood,chhattisgarh,,1.0,0.0
neighbourhood,west bengal,,2.0,0.0
new delhi,delhi,,11.0,0.014199219
new delhi,new delhi,,1.0,0.014199219
new new delhi,delhi,,25.0,0.0
new new delhi,"jammu and kashmir, delhi, punjab",,1.0,0.0
nirmal,andhra pradesh,,1.0,1.150118153
nirmal,"maharashtra, telangana",,1.0,1.150118153
nirmal,telangana,,1.0,1.150118153
niwari,"andhra pradesh, madhya pradesh",,1.0,2.138521976
niwari,madhya pradesh,,4.0,2.138521976
niwari,"madhya pradesh, punjab, haryana, west bengal",,1.0,2.138521976
niwari,"odisha, bihar, uttar pradesh, madhya pradesh, rajasthan, haryana",,1.0,2.138521976
niwari,"rajasthan, bihar, madhya pradesh, gujarat, maharashtra, uttar pradesh",,1.0,2.138521976
nizamabad,andhra pradesh,,11.0,0.044851377
nizamabad,"maharashtra, telangana",,1.0,0.044851377
nizamabad,telangana,0.6766951351208879,16.0,0.044851377
noney,manipur,,5.0,2.67719437
north,delhi,,17.0,1.725427554
north,"jammu and kashmir, delhi, punjab",,1.0,1.725427554
north,west bengal,,1.0,1.725427554
north 24 parganas,"assam, odisha, west bengal, bihar",,1.0,0.0
north 24 parganas,"bihar, odisha, west bengal, assam, andhra pradesh",,1.0,0.0
north 24 parganas,"bihar, uttar pradesh, west bengal, himachal pradesh",,1.0,0.0
north 24 parganas,"bihar, west bengal",,1.0,0.0
north 24 parganas,"himachal pradesh, uttar pradesh, bihar,  west bengal",,1.0,0.0
north 24 parganas,"madhya pradesh, punjab, haryana, west bengal",,1.0,0.0
north 24 parganas,"odisha, bihar, assam, west bengal",,1.0,0.0
north 24 parganas,uttar pradesh,,1.0,0.0
north 24 parganas,"uttar pradesh , assam , bihar , west bengal, kerala",,1.0,0.0
north 24 parganas,"uttar pradesh, bihar, odisha, west bengal",,1.0,0.0
north 24 parganas,"uttar pradesh, west bengal, bihar",,1.0,0.0
north 24 parganas,west bengal,,37.0,0.0
north and middle andaman,andaman & nicobar islands,,2.0,0.0
north arcot / vellore,tamil nadu,0.7265754559300432,0.0,0.0
north bengal,west bengal,,4.0,0.0
north cachar hil / dima hasao,assam,0.7722822319784579,0.0,0.0
north east,delhi,,15.0,1.464774777
north east,"jammu and kashmir, delhi, punjab",,1.0,1.464774777
north garo hills,meghalaya,,6.0,1.505747627
north goa,goa,,15.0,1.581879791
north goa,"goa, daman and diu",,1.0,1.581879791
north goa,"goa, daman,diu",,2.0,1.581879791
north tripura,"assam, manipur, tripura,  arunachal pradesh",,1.0,1.542869002
north tripura,tripura,,28.0,1.542869002
north west,delhi,,15.0,0.1
north west,"jammu and kashmir, delhi, punjab",,1.0,0.1
north westduar,west bengal,,6.0,0.0
north westdusar,west bengal,,1.0,0.0
northern parts,gujarat,,1.0,0.0
northern parts,west bengal,,1.0,0.0
ntr,andhra pradesh,,1.0,0.0
nuapada,"assam, odisha, west bengal, bihar",,1.0,1.294611131
nuapada,"bihar, odisha, west bengal, assam, andhra pradesh",,1.0,1.294611131
nuapada,madhya pradesh,,1.0,1.294611131
nuapada,odisha,,12.0,1.294611131
nuapada,"odisha, bihar, assam, west bengal",,1.0,1.294611131
nuapada,"odisha, bihar, uttar pradesh, madhya pradesh, rajasthan, haryana",,1.0,1.294611131
nuapada,"odisha, rajasthan",,1.0,1.294611131
nuapada,"uttar pradesh, bihar, odisha, west bengal",,1.0,1.294611131
nuh,haryana,,8.0,0.669910248
nuh,"kerala, rajasthan, haryana, uttar pradesh, bihar",,1.0,0.669910248
nuh,"madhya pradesh, punjab, haryana, west bengal",,1.0,0.669910248
nuh,"odisha, bihar, uttar pradesh, madhya pradesh, rajasthan, haryana",,1.0,0.669910248
osmanabad,maharashtra,0.8727129457333614,0.0,0.000294936
pak,arunachal pradesh,,3.0,0.0
pakke kessang,arunachal pradesh,,14.0,1.721952494
pakke kessang,"jammu and kashmir, punjab, uttar pradesh, assam,  arunachal pradesh",,1.0,1.721952494
pakur,"bihar, jharkhand",,1.0,3.826048033
pakur,jharkhand,,2.0,3.826048033
palakkad,"karnataka, kerala",,1.0,1.885497465
palakkad,kerala,0.7990784123328788,67.0,1.885497465
palakkad,"kerala, karnataka",,1.0,1.885497465
palakkad,"kerala, rajasthan, haryana, uttar pradesh, bihar",,1.0,1.885497465
palamau,jharkhand,0.8214318851672938,0.0,0.0
palampur,gujarat,,1.0,0.0
palamu,bihar,,2.0,1.06308692
palamu,jharkhand,,7.0,1.06308692
palghar,"bihar, maharashtra",,1.0,0.902972116
palghar,maharashtra,,32.0,0.902972116
palghar,"maharashtra, telangana",,1.0,0.902972116
palghar,"rajasthan, bihar, madhya pradesh, gujarat, maharashtra, uttar pradesh",,1.0,0.902972116
pali,"kerala, rajasthan, haryana, uttar pradesh, bihar",,1.0,0.391660123
pali,"odisha, bihar, uttar pradesh, madhya pradesh, rajasthan, haryana",,1.0,0.391660123
pali,"odisha, rajasthan",,1.0,0.391660123
pali,rajasthan,0.8154735062349971,26.0,0.391660123
pali,"rajasthan, bihar, madhya pradesh, gujarat, maharashtra, uttar pradesh",,1.0,0.391660123
pali,"rajasthan, punjab, uttar pradesh",,1.0,0.391660123
palnadu,andhra pradesh,,1.0,0.0
palwal,haryana,,8.0,1.788990887
palwal,"kerala, rajasthan, haryana, uttar pradesh, bihar",,1.0,1.788990887
palwal,"madhya pradesh, punjab, haryana, west bengal",,1.0,1.788990887
palwal,"odisha, bihar, uttar pradesh, madhya pradesh, rajasthan, haryana",,1.0,1.788990887
panch mahals,gujarat,,24.0,0.388326019
panch mahals,"rajasthan, bihar, madhya pradesh, gujarat, maharashtra, uttar pradesh",,1.0,0.388326019
panchkula,haryana,,22.0,0.282076231
panchkula,"kerala, rajasthan, haryana, uttar pradesh, bihar",,1.0,0.282076231
panchkula,"madhya pradesh, punjab, haryana, west bengal",,1.0,0.282076231
panchkula,"odisha, bihar, uttar pradesh, madhya pradesh, rajasthan, haryana",,1.0,0.282076231
panchmahal,gujarat,0.7591457091218208,0.0,0.0
panipat,haryana,,17.0,1.825319296
panipat,"kerala, rajasthan, haryana, uttar pradesh, bihar",,1.0,1.825319296
panipat,"madhya pradesh, punjab, haryana, west bengal",,1.0,1.825319296
panipat,"odisha, bihar, uttar pradesh, madhya pradesh, rajasthan, haryana",,1.0,1.825319296
panna,"andhra pradesh, madhya pradesh",,1.0,0.741002628
panna,madhya pradesh,0.8305902664573216,7.0,0.741002628
panna,"madhya pradesh, punjab, haryana, west bengal",,1.0,0.741002628
panna,"odisha, bihar, uttar pradesh, madhya pradesh, rajasthan, haryana",,1.0,0.741002628
panna,"rajasthan, bihar, madhya pradesh, gujarat, maharashtra, uttar pradesh",,1.0,0.741002628
papum pare,andhra pradesh,,1.0,0.825360946
papum pare,arunachal pradesh,,27.0,0.825360946
papum pare,"jammu and kashmir, punjab, uttar pradesh, assam,  arunachal pradesh",,1.0,0.825360946
parbhani,"bihar, maharashtra",,1.0,2.980760882
parbhani,maharashtra,0.8423405266063785,49.0,2.980760882
parbhani,"maharashtra, telangana",,1.0,2.980760882
parbhani,"rajasthan, bihar, madhya pradesh, gujarat, maharashtra, uttar pradesh",,1.0,2.980760882
parts of andhra pradesh,andhra pradesh,,1.0,0.0
parts of himachal pradesh,himachal pradesh,,2.0,0.0
parts of jammu,jammu and kashmir,,1.0,0.0
parts of jharkhand,jharkhand,,1.0,0.0
parts of karnataka,karnataka,,2.0,0.0
parts of lahul & spitti,himachal pradesh,,1.0,0.0
parts of maharashtra,maharashtra,,2.0,0.0
parts of meghalaya,meghalaya,,4.0,0.0
parts of nagaland,nagaland,,1.0,0.0
parts of orissa,odisha,,1.0,0.0
parts of rajasthan,rajasthan,,1.0,0.0
parts of sikkim,sikkim,,4.0,0.0
parts of telangana,telangana,,1.0,0.0
parts of uttar kashiakhand,uttarakhand,,3.0,0.0
parts of uttar pradesh,uttar pradesh,,2.0,0.0
parts of west bengal,west bengal,,2.0,0.0
paschim medinipur,west bengal,,1.0,0.0
paschim purba bardhaman,west bengal,,5.0,0.0
paschim purba bardhaman,"west bengal, bihar",,1.0,0.0
paschim purba medinipur,west bengal,,24.0,0.0
paschim purba medinipur,"west bengal, bihar",,1.0,0.0
pashchim champaran,bihar,,47.0,6.360902258
pashchim champaran,"bihar, jharkhand",,3.0,6.360902258
pashchim champaran,"bihar, maharashtra",,1.0,6.360902258
pashchim champaran,"bihar, odisha, west bengal, assam, andhra pradesh",,1.0,6.360902258
pashchim champaran,"bihar, uttar pradesh, west bengal, himachal pradesh",,1.0,6.360902258
pashchim champaran,"bihar, west bengal",,1.0,6.360902258
pashchim champaran,"himachal pradesh, uttar pradesh, bihar,  west bengal",,1.0,6.360902258
pashchim champaran,"kerala, rajasthan, haryana, uttar pradesh, bihar",,1.0,6.360902258
pashchim champaran,"odisha, bihar, assam, west bengal",,1.0,6.360902258
pashchim champaran,"odisha, bihar, uttar pradesh, madhya pradesh, rajasthan, haryana",,1.0,6.360902258
pashchim champaran,"rajasthan, bihar, madhya pradesh, gujarat, maharashtra, uttar pradesh",,1.0,6.360902258
pashchim champaran,"uttar pradesh , assam , bihar , west bengal, kerala",,1.0,6.360902258
pashchim champaran,"uttar pradesh, bihar",,1.0,6.360902258
pashchim champaran,"uttar pradesh, bihar,  assam",,1.0,6.360902258
pashchim champaran,"uttar pradesh, bihar, odisha, west bengal",,1.0,6.360902258
pashchim champaran,"west bengal, bihar",,1.0,6.360902258
pashchimi west singhbhum,bihar,,1.0,0.0
pashchimi west singhbhum,jharkhand,,3.0,0.0
patan,gujarat,,19.0,2.596395996
patan,"rajasthan, bihar, madhya pradesh, gujarat, maharashtra, uttar pradesh",,1.0,2.596395996
pathanamthitta,"karnataka, kerala",,1.0,0.991725656
pathanamthitta,kerala,,72.0,0.991725656
pathanamthitta,"kerala, karnataka",,1.0,0.991725656
pathanamthitta,"kerala, rajasthan, haryana, uttar pradesh, bihar",,1.0,0.991725656
pathankot,"jammu and kashmir, delhi, punjab",,1.0,1.266369538
pathankot,"jammu and kashmir, punjab, uttar pradesh, assam,  arunachal pradesh",,1.0,1.266369538
pathankot,"madhya pradesh, punjab, haryana, west bengal",,1.0,1.266369538
pathankot,punjab,,20.0,1.266369538
pathankot,"rajasthan, punjab, uttar pradesh",,1.0,1.266369538
patiala,"jammu and kashmir, delhi, punjab",,1.0,4.902063247
patiala,"jammu and kashmir, punjab, uttar pradesh, assam,  arunachal pradesh",,1.0,4.902063247
patiala,"madhya pradesh, punjab, haryana, west bengal",,1.0,4.902063247
patiala,punjab,0.30424621974654,49.0,4.902063247
patiala,"rajasthan, punjab, uttar pradesh",,1.0,4.902063247
patna,bihar,0.6551781786165692,58.0,18.8206194
patna,"bihar, maharashtra",,1.0,18.8206194
patna,"bihar, odisha, west bengal, assam, andhra pradesh",,1.0,18.8206194
patna,"bihar, uttar pradesh, west bengal, himachal pradesh",,1.0,18.8206194
patna,"bihar, west bengal",,1.0,18.8206194
patna,"himachal pradesh, uttar pradesh, bihar,  west bengal",,1.0,18.8206194
patna,"kerala, rajasthan, haryana, uttar pradesh, bihar",,1.0,18.8206194
patna,"odisha, bihar, assam, west bengal",,1.0,18.8206194
patna,"odisha, bihar, uttar pradesh, madhya pradesh, rajasthan, haryana",,1.0,18.8206194
patna,"rajasthan, bihar, madhya pradesh, gujarat, maharashtra, uttar pradesh",,1.0,18.8206194
patna,"uttar pradesh , assam , bihar , west bengal, kerala",,1.0,18.8206194
patna,"uttar pradesh, bihar,  assam",,1.0,18.8206194
patna,"uttar pradesh, bihar, odisha, west bengal",,1.0,18.8206194
patna,"west bengal, bihar",,1.0,18.8206194
peddapalli,andhra pradesh,,1.0,2.597279494
peddapalli,"maharashtra, telangana",,1.0,2.597279494
peddapalli,telangana,,1.0,2.597279494
perambalur,tamil nadu,,15.0,0.711461636
peren,nagaland,,3.0,0.586486953
phek,nagaland,,2.0,1.966529093
pherzawl,manipur,,4.0,2.366795306
phulbani ( kandhamal ),orissa,0.755049792377538,0.0,0.0
pilibhit,"bihar, uttar pradesh, west bengal, himachal pradesh",,1.0,2.432470279
pilibhit,"himachal pradesh, uttar pradesh",,1.0,2.432470279
pilibhit,"himachal pradesh, uttar pradesh, bihar,  west bengal",,1.0,2.432470279
pilibhit,"jammu and kashmir, punjab, uttar pradesh, assam,  arunachal pradesh",,1.0,2.432470279
pilibhit,"kerala, rajasthan, haryana, uttar pradesh, bihar",,1.0,2.432470279
pilibhit,"odisha, bihar, uttar pradesh, madhya pradesh, rajasthan, haryana",,1.0,2.432470279
pilibhit,"rajasthan, bihar, madhya pradesh, gujarat, maharashtra, uttar pradesh",,1.0,2.432470279
pilibhit,"rajasthan, punjab, uttar pradesh",,1.0,2.432470279
pilibhit,uttar pradesh,0.5262905760520865,19.0,2.432470279
pilibhit,"uttar pradesh , assam , bihar , west bengal, kerala",,1.0,2.432470279
pilibhit,"uttar pradesh , uttarakhand",,1.0,2.432470279
pilibhit,"uttar pradesh, bihar,  assam",,1.0,2.432470279
pilibhit,"uttar pradesh, bihar, odisha, west bengal",,1.0,2.432470279
pilibhit,"uttar pradesh, east rajasthan",,1.0,2.432470279
pilibhit,"uttar pradesh, uttarakhand",,2.0,2.432470279
pilibhit,"uttar pradesh, west bengal, bihar",,1.0,2.432470279
pithoragarh,himachal pradesh,,1.0,0.416580414
pithoragarh,uttar pradesh,,8.0,0.416580414
pithoragarh,"uttar pradesh , uttarakhand",,1.0,0.416580414
pithoragarh,"uttar pradesh, uttarakhand",,3.0,0.416580414
pithoragarh,uttarakhand,,14.0,0.416580414
pithorgarh,uttarakhand,0.7772118131616244,0.0,0.0
pondicherry,puducherry,,6.0,0.0
poonch,jammu & kashmir,,13.0,0.0
poonch,jammu and kashmir,,26.0,0.0
poonch,"jammu and kashmir, delhi, punjab",,1.0,0.0
poonch,"jammu and kashmir, punjab, uttar pradesh, assam,  arunachal pradesh",,1.0,0.0
porbandar,gujarat,,27.0,4.865917388
porbandar,"rajasthan, bihar, madhya pradesh, gujarat, maharashtra, uttar pradesh",,1.0,4.865917388
prakasam,andhra pradesh,,32.0,0.87865931
prakasam,"andhra pradesh, madhya pradesh",,1.0,0.87865931
pratapgarh,"bihar, uttar pradesh, west bengal, himachal pradesh",,1.0,3.648644131
pratapgarh,"himachal pradesh, uttar pradesh",,1.0,3.648644131
pratapgarh,"himachal pradesh, uttar pradesh, bihar,  west bengal",,1.0,3.648644131
pratapgarh,"jammu and kashmir, punjab, uttar pradesh, assam,  arunachal pradesh",,1.0,3.648644131
pratapgarh,"kerala, rajasthan, haryana, uttar pradesh, bihar",,2.0,3.648644131
pratapgarh,"odisha, bihar, uttar pradesh, madhya pradesh, rajasthan, haryana",,2.0,3.648644131
pratapgarh,"odisha, rajasthan",,1.0,3.648644131
pratapgarh,rajasthan,,9.0,3.648644131
pratapgarh,"rajasthan, bihar, madhya pradesh, gujarat, maharashtra, uttar pradesh",,2.0,3.648644131
pratapgarh,"rajasthan, punjab, uttar pradesh",,2.0,3.648644131
pratapgarh,uttar pradesh,0.6555705800784362,30.0,3.648644131
pratapgarh,"uttar pradesh , assam , bihar , west bengal, kerala",,1.0,3.648644131
pratapgarh,"uttar pradesh, bihar",,1.0,3.648644131
pratapgarh,"uttar pradesh, bihar,  assam",,1.0,3.648644131
pratapgarh,"uttar pradesh, bihar, odisha, west bengal",,1.0,3.648644131
pratapgarh,"uttar pradesh, east rajasthan",,1.0,3.648644131
pratapgarh,"uttar pradesh, uttarakhand",,3.0,3.648644131
pratapgarh,"uttar pradesh, west bengal, bihar",,1.0,3.648644131
prayagraj,"bihar, uttar pradesh, west bengal, himachal pradesh",,1.0,8.027430678
prayagraj,"himachal pradesh, uttar pradesh",,1.0,8.027430678
prayagraj,"himachal pradesh, uttar pradesh, bihar,  west bengal",,1.0,8.027430678
prayagraj,"jammu and kashmir, punjab, uttar pradesh, assam,  arunachal pradesh",,1.0,8.027430678
prayagraj,"kerala, rajasthan, haryana, uttar pradesh, bihar",,1.0,8.027430678
prayagraj,"odisha, bihar, uttar pradesh, madhya pradesh, rajasthan, haryana",,1.0,8.027430678
prayagraj,"rajasthan, bihar, madhya pradesh, gujarat, maharashtra, uttar pradesh",,1.0,8.027430678
prayagraj,"rajasthan, punjab, uttar pradesh",,1.0,8.027430678
prayagraj,uttar pradesh,,40.0,8.027430678
prayagraj,"uttar pradesh , assam , bihar , west bengal, kerala",,1.0,8.027430678
prayagraj,"uttar pradesh , uttarakhand",,1.0,8.027430678
prayagraj,"uttar pradesh, bihar",,1.0,8.027430678
prayagraj,"uttar pradesh, bihar,  assam",,1.0,8.027430678
prayagraj,"uttar pradesh, bihar, odisha, west bengal",,1.0,8.027430678
prayagraj,"uttar pradesh, east rajasthan",,1.0,8.027430678
prayagraj,"uttar pradesh, uttarakhand",,1.0,8.027430678
prayagraj,"uttar pradesh, west bengal, bihar",,1.0,8.027430678
pudukkottai,tamil nadu,,18.0,0.613684296
pulwama,jammu & kashmir,,11.0,2.991682452
pulwama,jammu and kashmir,,19.0,2.991682452
pulwama,"jammu and kashmir, delhi, punjab",,1.0,2.991682452
pulwama,"jammu and kashmir, punjab, uttar pradesh, assam,  arunachal pradesh",,1.0,2.991682452
pune,"bihar, maharashtra",,1.0,0.01206296
pune,maharashtra,0.7432661016237132,136.0,0.01206296
pune,"maharashtra, telangana",,1.0,0.01206296
pune,"rajasthan, bihar, madhya pradesh, gujarat, maharashtra, uttar pradesh",,1.0,0.01206296
purba bardhaman,west bengal,,10.0,8.544541925
purba medinipur,west bengal,,37.0,15.47685207
purba purba bardhaman,"assam, odisha, west bengal, bihar",,1.0,0.0
purba purba bardhaman,"bihar, odisha, west bengal, assam, andhra pradesh",,1.0,0.0
purba purba bardhaman,"bihar, uttar pradesh, west bengal, himachal pradesh",,1.0,0.0
purba purba bardhaman,"bihar, west bengal",,1.0,0.0
purba purba bardhaman,"himachal pradesh, uttar pradesh, bihar,  west bengal",,1.0,0.0
purba purba bardhaman,"madhya pradesh, punjab, haryana, west bengal",,1.0,0.0
purba purba bardhaman,"odisha, bihar, assam, west bengal",,1.0,0.0
purba purba bardhaman,"uttar pradesh , assam , bihar , west bengal, kerala",,1.0,0.0
purba purba bardhaman,"uttar pradesh, bihar, odisha, west bengal",,1.0,0.0
purba purba bardhaman,"uttar pradesh, west bengal, bihar",,1.0,0.0
purba purba bardhaman,west bengal,,9.0,0.0
purba purba bardhaman,"west bengal, bihar",,1.0,0.0
purba purba medinipur,odisha,,1.0,0.0
purba purba medinipur,uttar pradesh,,2.0,0.0
purba purba medinipur,west bengal,,31.0,0.0
purba purba medinipur,"west bengal, bihar",,1.0,0.0
purbi champaran,bihar,,52.0,0.0
purbi champaran,"bihar, jharkhand",,2.0,0.0
purbi champaran,"bihar, maharashtra",,1.0,0.0
purbi champaran,"bihar, odisha, west bengal, assam, andhra pradesh",,1.0,0.0
purbi champaran,"bihar, uttar pradesh, west bengal, himachal pradesh",,1.0,0.0
purbi champaran,"bihar, west bengal",,1.0,0.0
purbi champaran,"himachal pradesh, uttar pradesh, bihar,  west bengal",,1.0,0.0
purbi champaran,"kerala, rajasthan, haryana, uttar pradesh, bihar",,1.0,0.0
purbi champaran,"odisha, bihar, assam, west bengal",,1.0,0.0
purbi champaran,"odisha, bihar, uttar pradesh, madhya pradesh, rajasthan, haryana",,1.0,0.0
purbi champaran,"rajasthan, bihar, madhya pradesh, gujarat, maharashtra, uttar pradesh",,1.0,0.0
purbi champaran,"uttar pradesh , assam , bihar , west bengal, kerala",,1.0,0.0
purbi champaran,"uttar pradesh, bihar",,1.0,0.0
purbi champaran,"uttar pradesh, bihar,  assam",,1.0,0.0
purbi champaran,"uttar pradesh, bihar, odisha, west bengal",,1.0,0.0
purbi champaran,"west bengal, bihar",,1.0,0.0
purbi west singhbhum,bihar,,2.0,0.0
purbi west singhbhum,jharkhand,,3.0,0.0
puri,"assam, odisha, west bengal, bihar",,1.0,0.32180646
puri,"bihar, odisha, west bengal, assam, andhra pradesh",,1.0,0.32180646
puri,madhya pradesh,,1.0,0.32180646
puri,odisha,,35.0,0.32180646
puri,"odisha, bihar, assam, west bengal",,1.0,0.32180646
puri,"odisha, bihar, uttar pradesh, madhya pradesh, rajasthan, haryana",,1.0,0.32180646
puri,"odisha, rajasthan",,1.0,0.32180646
puri,orissa,0.7500391702818907,0.0,0.32180646
puri,"uttar pradesh, bihar, odisha, west bengal",,1.0,0.32180646
purnea,bihar,0.741821055848446,0.0,0.0
purnia,bihar,,35.0,6.320814211
purnia,"bihar, jharkhand",,3.0,6.320814211
purnia,"bihar, maharashtra",,1.0,6.320814211
purnia,"bihar, odisha, west bengal, assam, andhra pradesh",,1.0,6.320814211
purnia,"bihar, uttar pradesh, west bengal, himachal pradesh",,1.0,6.320814211
purnia,"bihar, west bengal",,1.0,6.320814211
purnia,"himachal pradesh, uttar pradesh, bihar,  west bengal",,1.0,6.320814211
purnia,"kerala, rajasthan, haryana, uttar pradesh, bihar",,1.0,6.320814211
purnia,"odisha, bihar, assam, west bengal",,1.0,6.320814211
purnia,"odisha, bihar, uttar pradesh, madhya pradesh, rajasthan, haryana",,1.0,6.320814211
purnia,"rajasthan, bihar, madhya pradesh, gujarat, maharashtra, uttar pradesh",,1.0,6.320814211
purnia,"uttar pradesh , assam , bihar , west bengal, kerala",,1.0,6.320814211
purnia,"uttar pradesh, bihar,  assam",,1.0,6.320814211
purnia,"uttar pradesh, bihar, odisha, west bengal",,1.0,6.320814211
purnia,"west bengal, bihar",,1.0,6.320814211
purulia,"assam, odisha, west bengal, bihar",,1.0,0.0
purulia,"bihar, odisha, west bengal, assam, andhra pradesh",,1.0,0.0
purulia,"bihar, uttar pradesh, west bengal, himachal pradesh",,1.0,0.0
purulia,"bihar, west bengal",,1.0,0.0
purulia,"himachal pradesh, uttar pradesh, bihar,  west bengal",,1.0,0.0
purulia,"madhya pradesh, punjab, haryana, west bengal",,1.0,0.0
purulia,"odisha, bihar, assam, west bengal",,1.0,0.0
purulia,"uttar pradesh , assam , bihar , west bengal, kerala",,1.0,0.0
purulia,"uttar pradesh, bihar, odisha, west bengal",,1.0,0.0
purulia,"uttar pradesh, west bengal, bihar",,1.0,0.0
purulia,west bengal,0.6681240186722506,9.0,0.0
purulia,"west bengal, bihar",,1.0,0.0
rae bareli,"bihar, uttar pradesh, west bengal, himachal pradesh",,1.0,5.186238472
rae bareli,"himachal pradesh, uttar pradesh",,1.0,5.186238472
rae bareli,"himachal pradesh, uttar pradesh, bihar,  west bengal",,1.0,5.186238472
rae bareli,"jammu and kashmir, punjab, uttar pradesh, assam,  arunachal pradesh",,1.0,5.186238472
rae bareli,"kerala, rajasthan, haryana, uttar pradesh, bihar",,1.0,5.186238472
rae bareli,"odisha, bihar, uttar pradesh, madhya pradesh, rajasthan, haryana",,1.0,5.186238472
rae bareli,"rajasthan, bihar, madhya pradesh, gujarat, maharashtra, uttar pradesh",,1.0,5.186238472
rae bareli,"rajasthan, punjab, uttar pradesh",,1.0,5.186238472
rae bareli,uttar pradesh,,21.0,5.186238472
rae bareli,"uttar pradesh , assam , bihar , west bengal, kerala",,1.0,5.186238472
rae bareli,"uttar pradesh, bihar,  assam",,1.0,5.186238472
rae bareli,"uttar pradesh, bihar, odisha, west bengal",,1.0,5.186238472
rae bareli,"uttar pradesh, east rajasthan",,1.0,5.186238472
rae bareli,"uttar pradesh, uttarakhand",,1.0,5.186238472
rae bareli,"uttar pradesh, west bengal, bihar",,1.0,5.186238472
rae-bareily,uttar pradesh,0.6565965929027794,0.0,0.0
raichur,karnataka,0.7027034150766378,56.0,0.860016988
raichur,"karnataka, kerala",,1.0,0.860016988
raichur,"kerala, karnataka",,1.0,0.860016988
raigad,maharashtra,0.7958238994571926,4.0,0.0
raigarh,"bihar, maharashtra",,1.0,0.831024656
raigarh,chhattisgarh,0.7834343563837515,5.0,0.831024656
raigarh,madhya pradesh,,5.0,0.831024656
raigarh,maharashtra,,40.0,0.831024656
raigarh,"maharashtra, telangana",,1.0,0.831024656
raigarh,"rajasthan, bihar, madhya pradesh, gujarat, maharashtra, uttar pradesh",,1.0,0.831024656
raipur,chhattisgarh,0.7787679826798731,18.0,0.592452074
raipur,madhya pradesh,,7.0,0.592452074
raipur,"madhya pradesh,  chhattisgarh",,1.0,0.592452074
raisen,"andhra pradesh, madhya pradesh",,1.0,1.304665949
raisen,madhya pradesh,0.7752384468408798,14.0,1.304665949
raisen,"madhya pradesh, punjab, haryana, west bengal",,1.0,1.304665949
raisen,"odisha, bihar, uttar pradesh, madhya pradesh, rajasthan, haryana",,1.0,1.304665949
raisen,"rajasthan, bihar, madhya pradesh, gujarat, maharashtra, uttar pradesh",,1.0,1.304665949
rajanna sircilla,andhra pradesh,,1.0,0.00114418
rajanna sircilla,"maharashtra, telangana",,1.0,0.00114418
rajanna sircilla,telangana,,2.0,0.00114418
rajgarh,"andhra pradesh, madhya pradesh",,1.0,0.472826999
rajgarh,madhya pradesh,0.7903921971405505,11.0,0.472826999
rajgarh,"madhya pradesh,  chhattisgarh",,4.0,0.472826999
rajgarh,"madhya pradesh, punjab, haryana, west bengal",,1.0,0.472826999
rajgarh,maharashtra,,1.0,0.472826999
rajgarh,"odisha, bihar, uttar pradesh, madhya pradesh, rajasthan, haryana",,1.0,0.472826999
rajgarh,"rajasthan, bihar, madhya pradesh, gujarat, maharashtra, uttar pradesh",,1.0,0.472826999
rajkot,gujarat,0.679266613262859,40.0,0.307696507
rajkot,"rajasthan, bihar, madhya pradesh, gujarat, maharashtra, uttar pradesh",,1.0,0.307696507
rajnandgaon,chhattisgarh,,10.0,0.248451395
rajnandgaon,madhya pradesh,,3.0,0.248451395
rajouri,jammu & kashmir,,13.0,0.283908485
rajouri,jammu and kashmir,,18.0,0.283908485
rajouri,"jammu and kashmir, delhi, punjab",,1.0,0.283908485
rajouri,"jammu and kashmir, punjab, uttar pradesh, assam,  arunachal pradesh",,1.0,0.283908485
rajsamand,"kerala, rajasthan, haryana, uttar pradesh, bihar",,1.0,0.165414807
rajsamand,"odisha, bihar, uttar pradesh, madhya pradesh, rajasthan, haryana",,1.0,0.165414807
rajsamand,"odisha, rajasthan",,1.0,0.165414807
rajsamand,rajasthan,,9.0,0.165414807
rajsamand,"rajasthan, bihar, madhya pradesh, gujarat, maharashtra, uttar pradesh",,1.0,0.165414807
rajsamand,"rajasthan, punjab, uttar pradesh",,1.0,0.165414807
ramagiri,maharashtra,,1.0,0.0
ramanagara,karnataka,,12.0,0.955866677
ramanagara,"karnataka, kerala",,1.0,0.955866677
ramanagara,"kerala, karnataka",,1.0,0.955866677
ramananthapuram,tamil nadu,0.8451148380832109,0.0,0.0
ramanathapuram,tamil nadu,,15.0,1.978467591
ramban,jammu & kashmir,,9.0,0.444408931
ramban,jammu and kashmir,,15.0,0.444408931
ramban,"jammu and kashmir, delhi, punjab",,1.0,0.444408931
ramban,"jammu and kashmir, punjab, uttar pradesh, assam,  arunachal pradesh",,1.0,0.444408931
ramgarh,jharkhand,,6.0,0.438980609
ramgarh,rajasthan,,1.0,0.438980609
rampur,"bihar, uttar pradesh, west bengal, himachal pradesh",,1.0,4.515924008
rampur,"himachal pradesh, uttar pradesh",,1.0,4.515924008
rampur,"himachal pradesh, uttar pradesh, bihar,  west bengal",,1.0,4.515924008
rampur,"jammu and kashmir, punjab, uttar pradesh, assam,  arunachal pradesh",,1.0,4.515924008
rampur,"kerala, rajasthan, haryana, uttar pradesh, bihar",,1.0,4.515924008
rampur,"odisha, bihar, uttar pradesh, madhya pradesh, rajasthan, haryana",,1.0,4.515924008
rampur,"rajasthan, bihar, madhya pradesh, gujarat, maharashtra, uttar pradesh",,1.0,4.515924008
rampur,"rajasthan, punjab, uttar pradesh",,1.0,4.515924008
rampur,uttar pradesh,0.5459852998613384,18.0,4.515924008
rampur,"uttar pradesh , assam , bihar , west bengal, kerala",,1.0,4.515924008
rampur,"uttar pradesh , uttarakhand",,1.0,4.515924008
rampur,"uttar pradesh, bihar,  assam",,1.0,4.515924008
rampur,"uttar pradesh, bihar, odisha, west bengal",,1.0,4.515924008
rampur,"uttar pradesh, east rajasthan",,1.0,4.515924008
rampur,"uttar pradesh, west bengal, bihar",,1.0,4.515924008
ranchi,bihar,,1.0,0.465022765
ranchi,jharkhand,0.7857094073760779,19.0,0.465022765
ranga reddy,andhra pradesh,,2.0,0.085026896
ranga reddy,"maharashtra, telangana",,1.0,0.085026896
ranga reddy,telangana,,10.0,0.085026896
ranipet,tamil nadu,,8.0,1.363052135
ratlam,"andhra pradesh, madhya pradesh",,1.0,0.588601194
ratlam,madhya pradesh,0.7323787516059069,9.0,0.588601194
ratlam,"madhya pradesh,  chhattisgarh",,2.0,0.588601194
ratlam,"madhya pradesh, punjab, haryana, west bengal",,1.0,0.588601194
ratlam,"odisha, bihar, uttar pradesh, madhya pradesh, rajasthan, haryana",,1.0,0.588601194
ratlam,"rajasthan, bihar, madhya pradesh, gujarat, maharashtra, uttar pradesh",,1.0,0.588601194
ratnagiri,"bihar, maharashtra",,1.0,0.575265044
ratnagiri,maharashtra,0.7914381932247697,62.0,0.575265044
ratnagiri,"maharashtra, telangana",,1.0,0.575265044
ratnagiri,"rajasthan, bihar, madhya pradesh, gujarat, maharashtra, uttar pradesh",,1.0,0.575265044
rayagada,"assam, odisha, west bengal, bihar",,1.0,1.449399945
rayagada,"bihar, odisha, west bengal, assam, andhra pradesh",,1.0,1.449399945
rayagada,madhya pradesh,,1.0,1.449399945
rayagada,odisha,,14.0,1.449399945
rayagada,"odisha, bihar, assam, west bengal",,1.0,1.449399945
rayagada,"odisha, bihar, uttar pradesh, madhya pradesh, rajasthan, haryana",,1.0,1.449399945
rayagada,"odisha, rajasthan",,1.0,1.449399945
rayagada,"uttar pradesh, bihar, odisha, west bengal",,1.0,1.449399945
reasi,jammu & kashmir,,5.0,1.239061446
reasi,jammu and kashmir,,17.0,1.239061446
reasi,"jammu and kashmir, delhi, punjab",,1.0,1.239061446
reasi,"jammu and kashmir, punjab, uttar pradesh, assam,  arunachal pradesh",,1.0,1.239061446
rewa,"andhra pradesh, madhya pradesh",,1.0,0.818756794
rewa,madhya pradesh,0.8088820012800226,17.0,0.818756794
rewa,"madhya pradesh, punjab, haryana, west bengal",,1.0,0.818756794
rewa,"odisha, bihar, uttar pradesh, madhya pradesh, rajasthan, haryana",,1.0,0.818756794
rewa,"rajasthan, bihar, madhya pradesh, gujarat, maharashtra, uttar pradesh",,1.0,0.818756794
rewari,haryana,,11.0,0.828055738
rewari,"kerala, rajasthan, haryana, uttar pradesh, bihar",,1.0,0.828055738
rewari,"madhya pradesh, punjab, haryana, west bengal",,1.0,0.828055738
rewari,"odisha, bihar, uttar pradesh, madhya pradesh, rajasthan, haryana",,1.0,0.828055738
ri bhoi,meghalaya,,11.0,0.0
rohtak,haryana,0.5007268143537679,17.0,0.999841319
rohtak,"kerala, rajasthan, haryana, uttar pradesh, bihar",,1.0,0.999841319
rohtak,"madhya pradesh, punjab, haryana, west bengal",,1.0,0.999841319
rohtak,"odisha, bihar, uttar pradesh, madhya pradesh, rajasthan, haryana",,1.0,0.999841319
rohtak,punjab,,1.0,0.999841319
rohtas,bihar,,20.0,3.872831529
rohtas,"bihar, maharashtra",,1.0,3.872831529
rohtas,"bihar, odisha, west bengal, assam, andhra pradesh",,1.0,3.872831529
rohtas,"bihar, uttar pradesh, west bengal, himachal pradesh",,1.0,3.872831529
rohtas,"bihar, west bengal",,1.0,3.872831529
rohtas,"himachal pradesh, uttar pradesh, bihar,  west bengal",,1.0,3.872831529
rohtas,"kerala, rajasthan, haryana, uttar pradesh, bihar",,1.0,3.872831529
rohtas,"odisha, bihar, assam, west bengal",,1.0,3.872831529
rohtas,"odisha, bihar, uttar pradesh, madhya pradesh, rajasthan, haryana",,1.0,3.872831529
rohtas,"rajasthan, bihar, madhya pradesh, gujarat, maharashtra, uttar pradesh",,1.0,3.872831529
rohtas,"uttar pradesh , assam , bihar , west bengal, kerala",,1.0,3.872831529
rohtas,"uttar pradesh, bihar,  assam",,1.0,3.872831529
rohtas,"uttar pradesh, bihar, odisha, west bengal",,1.0,3.872831529
rohtas,"west bengal, bihar",,1.0,3.872831529
roopnagar / ropar,punjab,0.38432379100535624,0.0,0.0
rudra prayag,uttar pradesh,,1.0,0.0
rudra prayag,"uttar pradesh, uttarakhand",,2.0,0.0
rudra prayag,uttarakhand,,16.0,0.0
rugi,karnataka,,1.0,0.0
rupnagar,"jammu and kashmir, delhi, punjab",,1.0,8.05958884
rupnagar,"jammu and kashmir, punjab, uttar pradesh, assam,  arunachal pradesh",,1.0,8.05958884
rupnagar,"madhya pradesh, punjab, haryana, west bengal",,1.0,8.05958884
rupnagar,punjab,,37.0,8.05958884
rupnagar,"rajasthan, punjab, uttar pradesh",,1.0,8.05958884
rural,karnataka,,1.0,0.0
s.a.s nagar,"jammu and kashmir, delhi, punjab",,1.0,0.0
s.a.s nagar,punjab,,2.0,0.0
s.a.s nagar*,"jammu and kashmir, punjab, uttar pradesh, assam,  arunachal pradesh",,1.0,0.0
s.a.s nagar*,"madhya pradesh, punjab, haryana, west bengal",,1.0,0.0
s.a.s nagar*,punjab,,20.0,0.0
s.a.s nagar*,"rajasthan, punjab, uttar pradesh",,1.0,0.0
s.p.s. nellore,andhra pradesh,0.7383032972753035,0.0,0.0
sabar kantha,gujarat,,27.0,0.326713001
sabar kantha,"rajasthan, bihar, madhya pradesh, gujarat, maharashtra, uttar pradesh",,1.0,0.326713001
sabarkantha,gujarat,0.6504091022518396,0.0,0.0
sagar,"andhra pradesh, madhya pradesh",,1.0,0.654643181
sagar,madhya pradesh,0.8378282071479,19.0,0.654643181
sagar,"madhya pradesh,  chhattisgarh",,2.0,0.654643181
sagar,"madhya pradesh, punjab, haryana, west bengal",,1.0,0.654643181
sagar,"odisha, bihar, uttar pradesh, madhya pradesh, rajasthan, haryana",,1.0,0.654643181
sagar,"rajasthan, bihar, madhya pradesh, gujarat, maharashtra, uttar pradesh",,1.0,0.654643181
saharanpur,"bihar, uttar pradesh, west bengal, himachal pradesh",,1.0,2.685129434
saharanpur,"himachal pradesh, uttar pradesh",,1.0,2.685129434
saharanpur,"himachal pradesh, uttar pradesh, bihar,  west bengal",,1.0,2.685129434
saharanpur,"jammu and kashmir, punjab, uttar pradesh, assam,  arunachal pradesh",,1.0,2.685129434
saharanpur,"kerala, rajasthan, haryana, uttar pradesh, bihar",,1.0,2.685129434
saharanpur,"odisha, bihar, uttar pradesh, madhya pradesh, rajasthan, haryana",,1.0,2.685129434
saharanpur,"rajasthan, bihar, madhya pradesh, gujarat, maharashtra, uttar pradesh",,1.0,2.685129434
saharanpur,"rajasthan, punjab, uttar pradesh",,1.0,2.685129434
saharanpur,uttar pradesh,0.5706766524866442,21.0,2.685129434
saharanpur,"uttar pradesh , assam , bihar , west bengal, kerala",,1.0,2.685129434
saharanpur,"uttar pradesh, bihar,  assam",,1.0,2.685129434
saharanpur,"uttar pradesh, bihar, odisha, west bengal",,1.0,2.685129434
saharanpur,"uttar pradesh, east rajasthan",,1.0,2.685129434
saharanpur,"uttar pradesh, uttarakhand",,2.0,2.685129434
saharanpur,"uttar pradesh, west bengal, bihar",,1.0,2.685129434
saharsa,bihar,0.7445070116619911,39.0,8.19729709
saharsa,"bihar, jharkhand",,3.0,8.19729709
saharsa,"bihar, maharashtra",,1.0,8.19729709
saharsa,"bihar, odisha, west bengal, assam, andhra pradesh",,1.0,8.19729709
saharsa,"bihar, uttar pradesh, west bengal, himachal pradesh",,1.0,8.19729709
saharsa,"bihar, west bengal",,1.0,8.19729709
saharsa,"himachal pradesh, uttar pradesh, bihar,  west bengal",,1.0,8.19729709
saharsa,"kerala, rajasthan, haryana, uttar pradesh, bihar",,1.0,8.19729709
saharsa,"odisha, bihar, assam, west bengal",,1.0,8.19729709
saharsa,"odisha, bihar, uttar pradesh, madhya pradesh, rajasthan, haryana",,1.0,8.19729709
saharsa,"rajasthan, bihar, madhya pradesh, gujarat, maharashtra, uttar pradesh",,1.0,8.19729709
saharsa,"uttar pradesh , assam , bihar , west bengal, kerala",,1.0,8.19729709
saharsa,"uttar pradesh, bihar,  assam",,1.0,8.19729709
saharsa,"uttar pradesh, bihar, odisha, west bengal",,1.0,8.19729709
saharsa,"west bengal, bihar",,1.0,8.19729709
sahebganj,bihar,,2.0,0.0
sahebganj,"bihar, jharkhand",,1.0,0.0
sahebganj,jharkhand,,3.0,0.0
salem,tamil nadu,0.6864523081965648,16.0,0.70281148
samastipur,bihar,,43.0,14.37494456
samastipur,"bihar, jharkhand",,1.0,14.37494456
samastipur,"bihar, maharashtra",,1.0,14.37494456
samastipur,"bihar, odisha, west bengal, assam, andhra pradesh",,1.0,14.37494456
samastipur,"bihar, uttar pradesh, west bengal, himachal pradesh",,1.0,14.37494456
samastipur,"bihar, west bengal",,1.0,14.37494456
samastipur,"himachal pradesh, uttar pradesh, bihar,  west bengal",,1.0,14.37494456
samastipur,"kerala, rajasthan, haryana, uttar pradesh, bihar",,1.0,14.37494456
samastipur,"odisha, bihar, assam, west bengal",,1.0,14.37494456
samastipur,"odisha, bihar, uttar pradesh, madhya pradesh, rajasthan, haryana",,1.0,14.37494456
samastipur,"rajasthan, bihar, madhya pradesh, gujarat, maharashtra, uttar pradesh",,1.0,14.37494456
samastipur,"uttar pradesh , assam , bihar , west bengal, kerala",,1.0,14.37494456
samastipur,"uttar pradesh, bihar,  assam",,1.0,14.37494456
samastipur,"uttar pradesh, bihar, odisha, west bengal",,1.0,14.37494456
samastipur,"west bengal, bihar",,1.0,14.37494456
samba,jammu & kashmir,,2.0,0.63000495
samba,jammu and kashmir,,13.0,0.63000495
samba,"jammu and kashmir, delhi, punjab",,1.0,0.63000495
samba,"jammu and kashmir, punjab, uttar pradesh, assam,  arunachal pradesh",,1.0,0.63000495
sambalpur,"assam, odisha, west bengal, bihar",,1.0,0.653957274
sambalpur,"bihar, odisha, west bengal, assam, andhra pradesh",,1.0,0.653957274
sambalpur,madhya pradesh,,1.0,0.653957274
sambalpur,odisha,,29.0,0.653957274
sambalpur,"odisha, bihar, assam, west bengal",,1.0,0.653957274
sambalpur,"odisha, bihar, uttar pradesh, madhya pradesh, rajasthan, haryana",,1.0,0.653957274
sambalpur,"odisha, rajasthan",,1.0,0.653957274
sambalpur,orissa,0.7101011649655957,0.0,0.653957274
sambalpur,"uttar pradesh, bihar, odisha, west bengal",,1.0,0.653957274
sambhal,"bihar, uttar pradesh, west bengal, himachal pradesh",,1.0,2.00812794
sambhal,"himachal pradesh, uttar pradesh",,1.0,2.00812794
sambhal,"himachal pradesh, uttar pradesh, bihar,  west bengal",,1.0,2.00812794
sambhal,"jammu and kashmir, punjab, uttar pradesh, assam,  arunachal pradesh",,1.0,2.00812794
sambhal,"kerala, rajasthan, haryana, uttar pradesh, bihar",,1.0,2.00812794
sambhal,"odisha, bihar, uttar pradesh, madhya pradesh, rajasthan, haryana",,1.0,2.00812794
sambhal,"rajasthan, bihar, madhya pradesh, gujarat, maharashtra, uttar pradesh",,1.0,2.00812794
sambhal,"rajasthan, punjab, uttar pradesh",,1.0,2.00812794
sambhal,uttar pradesh,,16.0,2.00812794
sambhal,"uttar pradesh , assam , bihar , west bengal, kerala",,1.0,2.00812794
sambhal,"uttar pradesh , uttarakhand",,1.0,2.00812794
sambhal,"uttar pradesh, bihar,  assam",,1.0,2.00812794
sambhal,"uttar pradesh, bihar, odisha, west bengal",,1.0,2.00812794
sambhal,"uttar pradesh, east rajasthan",,1.0,2.00812794
sambhal,"uttar pradesh, west bengal, bihar",,1.0,2.00812794
sangareddy,andhra pradesh,,1.0,0.005164143
sangareddy,"maharashtra, telangana",,1.0,0.005164143
sangareddy,telangana,,8.0,0.005164143
sangli,"bihar, maharashtra",,1.0,0.444899405
sangli,maharashtra,0.6903067919875687,29.0,0.444899405
sangli,"maharashtra, telangana",,1.0,0.444899405
sangli,"rajasthan, bihar, madhya pradesh, gujarat, maharashtra, uttar pradesh",,1.0,0.444899405
sangrur,"jammu and kashmir, delhi, punjab",,1.0,2.448919322
sangrur,"jammu and kashmir, punjab, uttar pradesh, assam,  arunachal pradesh",,1.0,2.448919322
sangrur,"madhya pradesh, punjab, haryana, west bengal",,1.0,2.448919322
sangrur,punjab,0.25544876210493067,28.0,2.448919322
sangrur,"rajasthan, punjab, uttar pradesh",,1.0,2.448919322
sant kabir nagar,"bihar, uttar pradesh, west bengal, himachal pradesh",,1.0,5.995956962
sant kabir nagar,"himachal pradesh, uttar pradesh",,1.0,5.995956962
sant kabir nagar,"himachal pradesh, uttar pradesh, bihar,  west bengal",,1.0,5.995956962
sant kabir nagar,"jammu and kashmir, punjab, uttar pradesh, assam,  arunachal pradesh",,1.0,5.995956962
sant kabir nagar,"kerala, rajasthan, haryana, uttar pradesh, bihar",,1.0,5.995956962
sant kabir nagar,"odisha, bihar, uttar pradesh, madhya pradesh, rajasthan, haryana",,1.0,5.995956962
sant kabir nagar,"rajasthan, bihar, madhya pradesh, gujarat, maharashtra, uttar pradesh",,1.0,5.995956962
sant kabir nagar,"rajasthan, punjab, uttar pradesh",,1.0,5.995956962
sant kabir nagar,uttar pradesh,,18.0,5.995956962
sant kabir nagar,"uttar pradesh , assam , bihar , west bengal, kerala",,1.0,5.995956962
sant kabir nagar,"uttar pradesh, bihar,  assam",,1.0,5.995956962
sant kabir nagar,"uttar pradesh, bihar, odisha, west bengal",,1.0,5.995956962
sant kabir nagar,"uttar pradesh, east rajasthan",,1.0,5.995956962
sant kabir nagar,"uttar pradesh, west bengal, bihar",,1.0,5.995956962
santal pargan,bihar,,1.0,0.0
santhal paragana / dumka,jharkhand,0.7536824220086801,0.0,0.0
saraikela kharsawan,jharkhand,,2.0,0.0
saran,bihar,0.6962081654836509,37.0,12.38481824
saran,"bihar, jharkhand",,2.0,12.38481824
saran,"bihar, maharashtra",,1.0,12.38481824
saran,"bihar, odisha, west bengal, assam, andhra pradesh",,1.0,12.38481824
saran,"bihar, uttar pradesh, west bengal, himachal pradesh",,1.0,12.38481824
saran,"bihar, west bengal",,1.0,12.38481824
saran,"himachal pradesh, uttar pradesh, bihar,  west bengal",,1.0,12.38481824
saran,"kerala, rajasthan, haryana, uttar pradesh, bihar",,1.0,12.38481824
saran,"odisha, bihar, assam, west bengal",,1.0,12.38481824
saran,"odisha, bihar, uttar pradesh, madhya pradesh, rajasthan, haryana",,1.0,12.38481824
saran,"rajasthan, bihar, madhya pradesh, gujarat, maharashtra, uttar pradesh",,1.0,12.38481824
saran,"uttar pradesh , assam , bihar , west bengal, kerala",,1.0,12.38481824
saran,"uttar pradesh, bihar,  assam",,1.0,12.38481824
saran,"uttar pradesh, bihar, odisha, west bengal",,1.0,12.38481824
saran,"west bengal, bihar",,1.0,12.38481824
satara,"bihar, maharashtra",,1.0,0.003020396
satara,maharashtra,0.7090138316904395,48.0,0.003020396
satara,"maharashtra, telangana",,1.0,0.003020396
satara,"rajasthan, bihar, madhya pradesh, gujarat, maharashtra, uttar pradesh",,1.0,0.003020396
satna,"andhra pradesh, madhya pradesh",,1.0,0.006627683
satna,madhya pradesh,0.802366607286866,10.0,0.006627683
satna,"madhya pradesh, punjab, haryana, west bengal",,1.0,0.006627683
satna,"odisha, bihar, uttar pradesh, madhya pradesh, rajasthan, haryana",,1.0,0.006627683
satna,"rajasthan, bihar, madhya pradesh, gujarat, maharashtra, uttar pradesh",,1.0,0.006627683
sawai madhopur,"kerala, rajasthan, haryana, uttar pradesh, bihar",,1.0,1.488231909
sawai madhopur,"odisha, bihar, uttar pradesh, madhya pradesh, rajasthan, haryana",,1.0,1.488231909
sawai madhopur,"odisha, rajasthan",,1.0,1.488231909
sawai madhopur,rajasthan,,20.0,1.488231909
sawai madhopur,"rajasthan, bihar, madhya pradesh, gujarat, maharashtra, uttar pradesh",,1.0,1.488231909
sawai madhopur,"rajasthan, punjab, uttar pradesh",,1.0,1.488231909
sehore,"andhra pradesh, madhya pradesh",,1.0,0.865128872
sehore,madhya pradesh,0.7448962936355669,17.0,0.865128872
sehore,"madhya pradesh,  chhattisgarh",,2.0,0.865128872
sehore,"madhya pradesh, punjab, haryana, west bengal",,1.0,0.865128872
sehore,"odisha, bihar, uttar pradesh, madhya pradesh, rajasthan, haryana",,1.0,0.865128872
sehore,"rajasthan, bihar, madhya pradesh, gujarat, maharashtra, uttar pradesh",,1.0,0.865128872
senapati,manipur,,4.0,0.710207411
seoni,"andhra pradesh, madhya pradesh",,1.0,0.419742338
seoni,madhya pradesh,,16.0,0.419742338
seoni,"madhya pradesh,  chhattisgarh",,2.0,0.419742338
seoni,"madhya pradesh, punjab, haryana, west bengal",,1.0,0.419742338
seoni,"odisha, bihar, uttar pradesh, madhya pradesh, rajasthan, haryana",,1.0,0.419742338
seoni,"rajasthan, bihar, madhya pradesh, gujarat, maharashtra, uttar pradesh",,1.0,0.419742338
seoni / shivani,madhya pradesh,0.8043672253599562,0.0,0.0
sepahijala,tripura,,19.0,0.0
serchhip,mizoram,,7.0,1.328475491
several other district (andhra pradesh),andhra pradesh,,1.0,0.0
shahabad (now part of bhojpur district),bihar,0.6173474355274544,0.0,0.0
shahdara,delhi,,14.0,0.1
shahdara,"jammu and kashmir, delhi, punjab",,1.0,0.1
shahdol,"andhra pradesh, madhya pradesh",,1.0,0.003847684
shahdol,madhya pradesh,0.8411368359621975,9.0,0.003847684
shahdol,"madhya pradesh, punjab, haryana, west bengal",,1.0,0.003847684
shahdol,"odisha, bihar, uttar pradesh, madhya pradesh, rajasthan, haryana",,1.0,0.003847684
shahdol,"rajasthan, bihar, madhya pradesh, gujarat, maharashtra, uttar pradesh",,1.0,0.003847684
shahid bhagat singh nagar,"jammu and kashmir, delhi, punjab",,1.0,10.90580953
shahid bhagat singh nagar,"jammu and kashmir, punjab, uttar pradesh, assam,  arunachal pradesh",,1.0,10.90580953
shahid bhagat singh nagar,"madhya pradesh, punjab, haryana, west bengal",,1.0,10.90580953
shahid bhagat singh nagar,punjab,,18.0,10.90580953
shahid bhagat singh nagar,"rajasthan, punjab, uttar pradesh",,1.0,10.90580953
shahjahanpur,"bihar, uttar pradesh, west bengal, himachal pradesh",,1.0,4.75687807
shahjahanpur,"himachal pradesh, uttar pradesh",,1.0,4.75687807
shahjahanpur,"himachal pradesh, uttar pradesh, bihar,  west bengal",,1.0,4.75687807
shahjahanpur,"jammu and kashmir, punjab, uttar pradesh, assam,  arunachal pradesh",,1.0,4.75687807
shahjahanpur,"kerala, rajasthan, haryana, uttar pradesh, bihar",,1.0,4.75687807
shahjahanpur,"odisha, bihar, uttar pradesh, madhya pradesh, rajasthan, haryana",,1.0,4.75687807
shahjahanpur,"rajasthan, bihar, madhya pradesh, gujarat, maharashtra, uttar pradesh",,1.0,4.75687807
shahjahanpur,"rajasthan, punjab, uttar pradesh",,1.0,4.75687807
shahjahanpur,uttar pradesh,0.5450771124841525,22.0,4.75687807
shahjahanpur,"uttar pradesh , assam , bihar , west bengal, kerala",,1.0,4.75687807
shahjahanpur,"uttar pradesh , uttarakhand",,2.0,4.75687807
shahjahanpur,"uttar pradesh, bihar,  assam",,1.0,4.75687807
shahjahanpur,"uttar pradesh, bihar, odisha, west bengal",,1.0,4.75687807
shahjahanpur,"uttar pradesh, east rajasthan",,1.0,4.75687807
shahjahanpur,"uttar pradesh, uttarakhand",,1.0,4.75687807
shahjahanpur,"uttar pradesh, west bengal, bihar",,1.0,4.75687807
shajapur,"andhra pradesh, madhya pradesh",,1.0,0.513507353
shajapur,madhya pradesh,0.7586539677309296,8.0,0.513507353
shajapur,"madhya pradesh,  chhattisgarh",,1.0,0.513507353
shajapur,"madhya pradesh, punjab, haryana, west bengal",,1.0,0.513507353
shajapur,"odisha, bihar, uttar pradesh, madhya pradesh, rajasthan, haryana",,1.0,0.513507353
shajapur,"rajasthan, bihar, madhya pradesh, gujarat, maharashtra, uttar pradesh",,1.0,0.513507353
shamli,"bihar, uttar pradesh, west bengal, himachal pradesh",,1.0,1.857718186
shamli,"himachal pradesh, uttar pradesh",,1.0,1.857718186
shamli,"himachal pradesh, uttar pradesh, bihar,  west bengal",,1.0,1.857718186
shamli,"jammu and kashmir, punjab, uttar pradesh, assam,  arunachal pradesh",,1.0,1.857718186
shamli,"kerala, rajasthan, haryana, uttar pradesh, bihar",,1.0,1.857718186
shamli,"odisha, bihar, uttar pradesh, madhya pradesh, rajasthan, haryana",,1.0,1.857718186
shamli,"rajasthan, bihar, madhya pradesh, gujarat, maharashtra, uttar pradesh",,1.0,1.857718186
shamli,"rajasthan, punjab, uttar pradesh",,1.0,1.857718186
shamli,uttar pradesh,,13.0,1.857718186
shamli,"uttar pradesh , assam , bihar , west bengal, kerala",,1.0,1.857718186
shamli,"uttar pradesh , uttarakhand",,1.0,1.857718186
shamli,"uttar pradesh, bihar,  assam",,1.0,1.857718186
shamli,"uttar pradesh, bihar, odisha, west bengal",,1.0,1.857718186
shamli,"uttar pradesh, east rajasthan",,1.0,1.857718186
shamli,"uttar pradesh, west bengal, bihar",,1.0,1.857718186
sheikhpura,bihar,,19.0,3.505578685
sheikhpura,"bihar, maharashtra",,1.0,3.505578685
sheikhpura,"bihar, odisha, west bengal, assam, andhra pradesh",,1.0,3.505578685
sheikhpura,"bihar, uttar pradesh, west bengal, himachal pradesh",,1.0,3.505578685
sheikhpura,"bihar, west bengal",,1.0,3.505578685
sheikhpura,"himachal pradesh, uttar pradesh, bihar,  west bengal",,1.0,3.505578685
sheikhpura,"kerala, rajasthan, haryana, uttar pradesh, bihar",,1.0,3.505578685
sheikhpura,"odisha, bihar, assam, west bengal",,1.0,3.505578685
sheikhpura,"odisha, bihar, uttar pradesh, madhya pradesh, rajasthan, haryana",,1.0,3.505578685
sheikhpura,"rajasthan, bihar, madhya pradesh, gujarat, maharashtra, uttar pradesh",,1.0,3.505578685
sheikhpura,"uttar pradesh , assam , bihar , west bengal, kerala",,1.0,3.505578685
sheikhpura,"uttar pradesh, bihar,  assam",,1.0,3.505578685
sheikhpura,"uttar pradesh, bihar, odisha, west bengal",,1.0,3.505578685
sheikhpura,"west bengal, bihar",,1.0,3.505578685
sheohar,bihar,,26.0,9.002316572
sheohar,"bihar, jharkhand",,2.0,9.002316572
sheohar,"bihar, maharashtra",,1.0,9.002316572
sheohar,"bihar, odisha, west bengal, assam, andhra pradesh",,1.0,9.002316572
sheohar,"bihar, uttar pradesh, west bengal, himachal pradesh",,1.0,9.002316572
sheohar,"bihar, west bengal",,1.0,9.002316572
sheohar,"himachal pradesh, uttar pradesh, bihar,  west bengal",,1.0,9.002316572
sheohar,"kerala, rajasthan, haryana, uttar pradesh, bihar",,1.0,9.002316572
sheohar,"odisha, bihar, assam, west bengal",,1.0,9.002316572
sheohar,"odisha, bihar, uttar pradesh, madhya pradesh, rajasthan, haryana",,1.0,9.002316572
sheohar,"rajasthan, bihar, madhya pradesh, gujarat, maharashtra, uttar pradesh",,1.0,9.002316572
sheohar,"uttar pradesh , assam , bihar , west bengal, kerala",,1.0,9.002316572
sheohar,"uttar pradesh, bihar",,1.0,9.002316572
sheohar,"uttar pradesh, bihar,  assam",,1.0,9.002316572
sheohar,"uttar pradesh, bihar, odisha, west bengal",,1.0,9.002316572
sheohar,"west bengal, bihar",,1.0,9.002316572
sheopur,"andhra pradesh, madhya pradesh",,1.0,1.231751267
sheopur,madhya pradesh,,7.0,1.231751267
sheopur,"madhya pradesh, punjab, haryana, west bengal",,1.0,1.231751267
sheopur,"odisha, bihar, uttar pradesh, madhya pradesh, rajasthan, haryana",,1.0,1.231751267
sheopur,"rajasthan, bihar, madhya pradesh, gujarat, maharashtra, uttar pradesh",,1.0,1.231751267
shi yomi,arunachal pradesh,,16.0,0.679578763
shi yomi,"jammu and kashmir, punjab, uttar pradesh, assam,  arunachal pradesh",,1.0,0.679578763
shimla,himachal pradesh,0.8000704424503817,111.0,0.735818063
shimla,"himachal pradesh, uttar pradesh",,1.0,0.735818063
shimla,"himachal pradesh, uttar pradesh, bihar,  west bengal",,1.0,0.735818063
shimoge,karnataka,0.7664447357909936,0.0,0.0
shivamogga,karnataka,,42.0,0.0731706
shivamogga,"karnataka, kerala",,1.0,0.0731706
shivamogga,"kerala, karnataka",,1.0,0.0731706
shivpuri,"andhra pradesh, madhya pradesh",,1.0,0.160705456
shivpuri,madhya pradesh,0.7361668911628845,9.0,0.160705456
shivpuri,"madhya pradesh,  chhattisgarh",,1.0,0.160705456
shivpuri,"madhya pradesh, punjab, haryana, west bengal",,1.0,0.160705456
shivpuri,"odisha, bihar, uttar pradesh, madhya pradesh, rajasthan, haryana",,1.0,0.160705456
shivpuri,"rajasthan, bihar, madhya pradesh, gujarat, maharashtra, uttar pradesh",,1.0,0.160705456
shopian,jammu & kashmir,,3.0,0.0
shopian,jammu and kashmir,,12.0,0.0
shopian,"jammu and kashmir, delhi, punjab",,1.0,0.0
shopian,"jammu and kashmir, punjab, uttar pradesh, assam,  arunachal pradesh",,1.0,0.0
shrawasti,uttar pradesh,,1.0,7.692700147
siaha,mizoram,,6.0,0.0
siang,arunachal pradesh,,17.0,2.019900267
siang,"jammu and kashmir, punjab, uttar pradesh, assam,  arunachal pradesh",,1.0,2.019900267
siang,meghalaya,,2.0,2.019900267
sibsagar,assam,0.7463065067410247,0.0,0.0
siddharthnagar,"bihar, uttar pradesh, west bengal, himachal pradesh",,1.0,13.38292044
siddharthnagar,"himachal pradesh, uttar pradesh",,1.0,13.38292044
siddharthnagar,"himachal pradesh, uttar pradesh, bihar,  west bengal",,1.0,13.38292044
siddharthnagar,"jammu and kashmir, punjab, uttar pradesh, assam,  arunachal pradesh",,1.0,13.38292044
siddharthnagar,"kerala, rajasthan, haryana, uttar pradesh, bihar",,1.0,13.38292044
siddharthnagar,"odisha, bihar, uttar pradesh, madhya pradesh, rajasthan, haryana",,1.0,13.38292044
siddharthnagar,"rajasthan, bihar, madhya pradesh, gujarat, maharashtra, uttar pradesh",,1.0,13.38292044
siddharthnagar,"rajasthan, punjab, uttar pradesh",,1.0,13.38292044
siddharthnagar,uttar pradesh,,19.0,13.38292044
siddharthnagar,"uttar pradesh , assam , bihar , west bengal, kerala",,1.0,13.38292044
siddharthnagar,"uttar pradesh, bihar,  assam",,1.0,13.38292044
siddharthnagar,"uttar pradesh, bihar, odisha, west bengal",,1.0,13.38292044
siddharthnagar,"uttar pradesh, east rajasthan",,1.0,13.38292044
siddharthnagar,"uttar pradesh, west bengal, bihar",,1.0,13.38292044
siddipet,andhra pradesh,,1.0,0.378098987
siddipet,"maharashtra, telangana",,1.0,0.378098987
siddipet,telangana,,3.0,0.378098987
sidhi,"andhra pradesh, madhya pradesh",,1.0,1.782043654
sidhi,madhya pradesh,0.8387613288505819,4.0,1.782043654
sidhi,"madhya pradesh, punjab, haryana, west bengal",,1.0,1.782043654
sidhi,"odisha, bihar, uttar pradesh, madhya pradesh, rajasthan, haryana",,1.0,1.782043654
sidhi,"rajasthan, bihar, madhya pradesh, gujarat, maharashtra, uttar pradesh",,1.0,1.782043654
sikar,"kerala, rajasthan, haryana, uttar pradesh, bihar",,1.0,0.420855874
sikar,"odisha, bihar, uttar pradesh, madhya pradesh, rajasthan, haryana",,1.0,0.420855874
sikar,"odisha, rajasthan",,1.0,0.420855874
sikar,rajasthan,0.7739097053267738,16.0,0.420855874
sikar,"rajasthan, bihar, madhya pradesh, gujarat, maharashtra, uttar pradesh",,1.0,0.420855874
sikar,"rajasthan, punjab, uttar pradesh",,1.0,0.420855874
silchar,assam,,1.0,0.0
silchar,"assam, manipur, tripura,  arunachal pradesh",,1.0,0.0
siliguri,west bengal,,2.0,0.0
simdega,jharkhand,,2.0,0.928699763
sindhudurg,"bihar, maharashtra",,1.0,0.776077496
sindhudurg,maharashtra,,51.0,0.776077496
sindhudurg,"maharashtra, telangana",,1.0,0.776077496
sindhudurg,"rajasthan, bihar, madhya pradesh, gujarat, maharashtra, uttar pradesh",,1.0,0.776077496
singhbhum,jharkhand,0.8058545596395856,0.0,0.0
singrauli,"andhra pradesh, madhya pradesh",,1.0,0.806662133
singrauli,madhya pradesh,,6.0,0.806662133
singrauli,"madhya pradesh, punjab, haryana, west bengal",,1.0,0.806662133
singrauli,"odisha, bihar, uttar pradesh, madhya pradesh, rajasthan, haryana",,1.0,0.806662133
singrauli,"rajasthan, bihar, madhya pradesh, gujarat, maharashtra, uttar pradesh",,1.0,0.806662133
sirmaur,himachal pradesh,0.7542415762949547,62.0,0.977864526
sirmaur,"himachal pradesh, uttar pradesh",,1.0,0.977864526
sirohi,"kerala, rajasthan, haryana, uttar pradesh, bihar",,1.0,0.252656489
sirohi,"odisha, bihar, uttar pradesh, madhya pradesh, rajasthan, haryana",,1.0,0.252656489
sirohi,"odisha, rajasthan",,1.0,0.252656489
sirohi,rajasthan,0.75493281547003,18.0,0.252656489
sirohi,"rajasthan, bihar, madhya pradesh, gujarat, maharashtra, uttar pradesh",,1.0,0.252656489
sirohi,"rajasthan, punjab, uttar pradesh",,1.0,0.252656489
sirsa,haryana,,19.0,9.795019476
sirsa,"kerala, rajasthan, haryana, uttar pradesh, bihar",,1.0,9.795019476
sirsa,"madhya pradesh, punjab, haryana, west bengal",,1.0,9.795019476
sirsa,"odisha, bihar, uttar pradesh, madhya pradesh, rajasthan, haryana",,1.0,9.795019476
sitamarhi,bihar,,43.0,4.619683648
sitamarhi,"bihar, jharkhand",,3.0,4.619683648
sitamarhi,"bihar, maharashtra",,1.0,4.619683648
sitamarhi,"bihar, odisha, west bengal, assam, andhra pradesh",,1.0,4.619683648
sitamarhi,"bihar, uttar pradesh, west bengal, himachal pradesh",,1.0,4.619683648
sitamarhi,"bihar, west bengal",,1.0,4.619683648
sitamarhi,"himachal pradesh, uttar pradesh, bihar,  west bengal",,1.0,4.619683648
sitamarhi,"kerala, rajasthan, haryana, uttar pradesh, bihar",,1.0,4.619683648
sitamarhi,"odisha, bihar, assam, west bengal",,1.0,4.619683648
sitamarhi,"odisha, bihar, uttar pradesh, madhya pradesh, rajasthan, haryana",,1.0,4.619683648
sitamarhi,"rajasthan, bihar, madhya pradesh, gujarat, maharashtra, uttar pradesh",,1.0,4.619683648
sitamarhi,"uttar pradesh , assam , bihar , west bengal, kerala",,1.0,4.619683648
sitamarhi,"uttar pradesh, bihar",,1.0,4.619683648
sitamarhi,"uttar pradesh, bihar,  assam",,1.0,4.619683648
sitamarhi,"uttar pradesh, bihar, odisha, west bengal",,1.0,4.619683648
sitamarhi,"west bengal, bihar",,1.0,4.619683648
sitapur,"bihar, uttar pradesh, west bengal, himachal pradesh",,1.0,3.375278206
sitapur,"himachal pradesh, uttar pradesh",,1.0,3.375278206
sitapur,"himachal pradesh, uttar pradesh, bihar,  west bengal",,1.0,3.375278206
sitapur,"jammu and kashmir, punjab, uttar pradesh, assam,  arunachal pradesh",,1.0,3.375278206
sitapur,"kerala, rajasthan, haryana, uttar pradesh, bihar",,1.0,3.375278206
sitapur,"odisha, bihar, uttar pradesh, madhya pradesh, rajasthan, haryana",,1.0,3.375278206
sitapur,"rajasthan, bihar, madhya pradesh, gujarat, maharashtra, uttar pradesh",,1.0,3.375278206
sitapur,"rajasthan, punjab, uttar pradesh",,1.0,3.375278206
sitapur,uttar pradesh,0.6626947028864364,53.0,3.375278206
sitapur,"uttar pradesh , assam , bihar , west bengal, kerala",,1.0,3.375278206
sitapur,"uttar pradesh, bihar,  assam",,1.0,3.375278206
sitapur,"uttar pradesh, bihar, odisha, west bengal",,1.0,3.375278206
sitapur,"uttar pradesh, east rajasthan",,1.0,3.375278206
sitapur,"uttar pradesh, uttarakhand",,3.0,3.375278206
sitapur,"uttar pradesh, west bengal, bihar",,1.0,3.375278206
sivaganga,tamil nadu,,8.0,1.933201481
sivasagar,assam,,123.0,16.53832279
sivasagar,"assam, manipur, arunachal pradesh",,1.0,16.53832279
sivasagar,"assam, odisha, west bengal, bihar",,1.0,16.53832279
sivasagar,"jammu and kashmir, punjab, uttar pradesh, assam,  arunachal pradesh",,1.0,16.53832279
sivasagar,"odisha, bihar, assam, west bengal",,1.0,16.53832279
sivasagar,"uttar pradesh , assam , bihar , west bengal, kerala",,1.0,16.53832279
sivasagar,"uttar pradesh, bihar,  assam",,1.0,16.53832279
sivasagar amd sonitpur,assam,,1.0,0.0
siwan,bihar,,30.0,6.60775735
siwan,"bihar, jharkhand",,2.0,6.60775735
siwan,"bihar, maharashtra",,1.0,6.60775735
siwan,"bihar, odisha, west bengal, assam, andhra pradesh",,1.0,6.60775735
siwan,"bihar, uttar pradesh, west bengal, himachal pradesh",,1.0,6.60775735
siwan,"bihar, west bengal",,1.0,6.60775735
siwan,"himachal pradesh, uttar pradesh, bihar,  west bengal",,1.0,6.60775735
siwan,"kerala, rajasthan, haryana, uttar pradesh, bihar",,1.0,6.60775735
siwan,"odisha, bihar, assam, west bengal",,1.0,6.60775735
siwan,"odisha, bihar, uttar pradesh, madhya pradesh, rajasthan, haryana",,1.0,6.60775735
siwan,"rajasthan, bihar, madhya pradesh, gujarat, maharashtra, uttar pradesh",,1.0,6.60775735
siwan,"uttar pradesh , assam , bihar , west bengal, kerala",,1.0,6.60775735
siwan,"uttar pradesh, bihar,  assam",,1.0,6.60775735
siwan,"uttar pradesh, bihar, odisha, west bengal",,1.0,6.60775735
siwan,"west bengal, bihar",,1.0,6.60775735
solan,himachal pradesh,0.7275968823970763,65.0,0.280667145
solan,"himachal pradesh, uttar pradesh",,1.0,0.280667145
solapur,"bihar, maharashtra",,1.0,0.923051453
solapur,maharashtra,0.8269092530969198,34.0,0.923051453
solapur,"maharashtra, telangana",,1.0,0.923051453
solapur,"rajasthan, bihar, madhya pradesh, gujarat, maharashtra, uttar pradesh",,1.0,0.923051453
some districts of punjab,punjab,,1.0,0.0
some parts,andhra pradesh,,1.0,0.0
some parts,goa,,1.0,0.0
some parts,gujarat,,1.0,0.0
some parts,haryana,,1.0,0.0
some parts,nagaland,,1.0,0.0
some parts,rajasthan,,1.0,0.0
sonbhadra,"bihar, uttar pradesh, west bengal, himachal pradesh",,1.0,0.064958232
sonbhadra,"himachal pradesh, uttar pradesh",,1.0,0.064958232
sonbhadra,"himachal pradesh, uttar pradesh, bihar,  west bengal",,1.0,0.064958232
sonbhadra,"jammu and kashmir, punjab, uttar pradesh, assam,  arunachal pradesh",,1.0,0.064958232
sonbhadra,"kerala, rajasthan, haryana, uttar pradesh, bihar",,1.0,0.064958232
sonbhadra,"odisha, bihar, uttar pradesh, madhya pradesh, rajasthan, haryana",,1.0,0.064958232
sonbhadra,"rajasthan, bihar, madhya pradesh, gujarat, maharashtra, uttar pradesh",,1.0,0.064958232
sonbhadra,"rajasthan, punjab, uttar pradesh",,1.0,0.064958232
sonbhadra,uttar pradesh,,16.0,0.064958232
sonbhadra,"uttar pradesh , assam , bihar , west bengal, kerala",,1.0,0.064958232
sonbhadra,"uttar pradesh, bihar,  assam",,1.0,0.064958232
sonbhadra,"uttar pradesh, bihar, odisha, west bengal",,1.0,0.064958232
sonbhadra,"uttar pradesh, east rajasthan",,1.0,0.064958232
sonbhadra,"uttar pradesh, west bengal, bihar",,1.0,0.064958232
sonipat,haryana,,26.0,0.905127272
sonipat,"kerala, rajasthan, haryana, uttar pradesh, bihar",,1.0,0.905127272
sonipat,"madhya pradesh, punjab, haryana, west bengal",,1.0,0.905127272
sonipat,"odisha, bihar, uttar pradesh, madhya pradesh, rajasthan, haryana",,1.0,0.905127272
sonitpur,assam,,156.0,5.196410326
sonitpur,"assam, odisha, west bengal, bihar",,1.0,5.196410326
sonitpur,"jammu and kashmir, punjab, uttar pradesh, assam,  arunachal pradesh",,1.0,5.196410326
sonitpur,"odisha, bihar, assam, west bengal",,1.0,5.196410326
sonitpur,"uttar pradesh , assam , bihar , west bengal, kerala",,1.0,5.196410326
sonitpur,"uttar pradesh, bihar,  assam",,1.0,5.196410326
south,delhi,,14.0,0.006747594
south,"jammu and kashmir, delhi, punjab",,1.0,0.006747594
south 24 parganas,"assam, odisha, west bengal, bihar",,1.0,0.0
south 24 parganas,"bihar, uttar pradesh, west bengal, himachal pradesh",,1.0,0.0
south 24 parganas,"himachal pradesh, uttar pradesh, bihar,  west bengal",,1.0,0.0
south 24 parganas,"madhya pradesh, punjab, haryana, west bengal",,1.0,0.0
south 24 parganas,"odisha, bihar, assam, west bengal",,1.0,0.0
south 24 parganas,uttar pradesh,,1.0,0.0
south 24 parganas,"uttar pradesh , assam , bihar , west bengal, kerala",,1.0,0.0
south 24 parganas,"uttar pradesh, bihar, odisha, west bengal",,1.0,0.0
south 24 parganas,"uttar pradesh, west bengal, bihar",,1.0,0.0
south 24 parganas,west bengal,,29.0,0.0
south 24 parganas*,"bihar, odisha, west bengal, assam, andhra pradesh",,1.0,0.0
south 24 parganas*,"bihar, west bengal",,1.0,0.0
south 24 parganas*,west bengal,,6.0,0.0
south andamans,andaman & nicobar islands,,1.0,0.0
south arcot / cuddalore,tamil nadu,0.7219483518252229,0.0,0.0
south assam,assam,,1.0,0.0
south east,delhi,,14.0,0.629289386
south east,"jammu and kashmir, delhi, punjab",,1.0,0.629289386
south garo hills,meghalaya,,7.0,1.272678698
south goa,goa,,18.0,1.79256855
south gujarat,maharashtra,,1.0,0.0
south kashmir,jammu and kashmir,,1.0,0.0
south salmara mancachar,assam,,46.0,17.21104287
south salmara mancachar,"assam, odisha, west bengal, bihar",,1.0,17.21104287
south salmara mancachar,"jammu and kashmir, punjab, uttar pradesh, assam,  arunachal pradesh",,1.0,17.21104287
south salmara mancachar,"odisha, bihar, assam, west bengal",,1.0,17.21104287
south salmara mancachar,"uttar pradesh , assam , bihar , west bengal, kerala",,1.0,17.21104287
south salmara mancachar,"uttar pradesh, bihar,  assam",,1.0,17.21104287
south salmara mancachar - mankachar,assam,,1.0,0.0
south salmara mancachar- mankachar,assam,,1.0,0.0
south tripura,tamil nadu,,1.0,0.931395601
south tripura,tripura,,24.0,0.931395601
south west,delhi,,15.0,3.339650881
south west,"jammu and kashmir, delhi, punjab",,1.0,3.339650881
south west garo hills,meghalaya,,7.0,3.340328514
south west khasi hills,meghalaya,,5.0,1.768765435
southern parts,kerala,,1.0,0.0
southern parts,west bengal,,1.0,0.0
sri muktsar sahib,punjab,,1.0,2.388390951
sri potti sriramulu nellore,andhra pradesh,,30.0,0.0
sri potti sriramulu nellore,"andhra pradesh, madhya pradesh",,1.0,0.0
sri sri muktsar sahib sahib,"jammu and kashmir, delhi, punjab",,1.0,0.0
sri sri muktsar sahib sahib,"jammu and kashmir, punjab, uttar pradesh, assam,  arunachal pradesh",,1.0,0.0
sri sri muktsar sahib sahib,"madhya pradesh, punjab, haryana, west bengal",,1.0,0.0
sri sri muktsar sahib sahib,punjab,,20.0,0.0
sri sri muktsar sahib sahib,"rajasthan, punjab, uttar pradesh",,1.0,0.0
srikakulam,andhra pradesh,0.8260195809686636,20.0,3.446704127
srikakulam,"andhra pradesh, madhya pradesh",,1.0,3.446704127
srikakulam,karnataka,,1.0,3.446704127
srinagar,jammu & kashmir,,3.0,0.278932913
srinagar,jammu and kashmir,,21.0,0.278932913
srinagar,"jammu and kashmir, delhi, punjab",,1.0,0.278932913
srinagar,"jammu and kashmir, punjab, uttar pradesh, assam,  arunachal pradesh",,1.0,0.278932913
sshrawasti,"bihar, uttar pradesh, west bengal, himachal pradesh",,1.0,0.0
sshrawasti,"himachal pradesh, uttar pradesh",,1.0,0.0
sshrawasti,"himachal pradesh, uttar pradesh, bihar,  west bengal",,1.0,0.0
sshrawasti,"jammu and kashmir, punjab, uttar pradesh, assam,  arunachal pradesh",,1.0,0.0
sshrawasti,"kerala, rajasthan, haryana, uttar pradesh, bihar",,1.0,0.0
sshrawasti,"odisha, bihar, uttar pradesh, madhya pradesh, rajasthan, haryana",,1.0,0.0
sshrawasti,"rajasthan, bihar, madhya pradesh, gujarat, maharashtra, uttar pradesh",,1.0,0.0
sshrawasti,"rajasthan, punjab, uttar pradesh",,1.0,0.0
sshrawasti,uttar pradesh,,17.0,0.0
sshrawasti,"uttar pradesh , assam , bihar , west bengal, kerala",,1.0,0.0
sshrawasti,"uttar pradesh, bihar,  assam",,1.0,0.0
sshrawasti,"uttar pradesh, bihar, odisha, west bengal",,1.0,0.0
sshrawasti,"uttar pradesh, east rajasthan",,1.0,0.0
sshrawasti,"uttar pradesh, west bengal, bihar",,1.0,0.0
sshrawasti & parts of east u.p.,uttar pradesh,,1.0,0.0
subarnapur,"assam, odisha, west bengal, bihar",,1.0,2.280238254
subarnapur,"bihar, odisha, west bengal, assam, andhra pradesh",,1.0,2.280238254
subarnapur,madhya pradesh,,1.0,2.280238254
subarnapur,odisha,,13.0,2.280238254
subarnapur,"odisha, bihar, assam, west bengal",,1.0,2.280238254
subarnapur,"odisha, bihar, uttar pradesh, madhya pradesh, rajasthan, haryana",,1.0,2.280238254
subarnapur,"odisha, rajasthan",,1.0,2.280238254
subarnapur,"uttar pradesh, bihar, odisha, west bengal",,1.0,2.280238254
suburbans,madras,,1.0,0.0
sukma,chhattisgarh,,1.0,1.466729973
sultanpur,"bihar, uttar pradesh, west bengal, himachal pradesh",,1.0,4.347300593
sultanpur,"himachal pradesh, uttar pradesh",,1.0,4.347300593
sultanpur,"himachal pradesh, uttar pradesh, bihar,  west bengal",,1.0,4.347300593
sultanpur,"jammu and kashmir, punjab, uttar pradesh, assam,  arunachal pradesh",,1.0,4.347300593
sultanpur,"kerala, rajasthan, haryana, uttar pradesh, bihar",,1.0,4.347300593
sultanpur,"odisha, bihar, uttar pradesh, madhya pradesh, rajasthan, haryana",,1.0,4.347300593
sultanpur,"rajasthan, bihar, madhya pradesh, gujarat, maharashtra, uttar pradesh",,1.0,4.347300593
sultanpur,"rajasthan, punjab, uttar pradesh",,1.0,4.347300593
sultanpur,uttar pradesh,0.6306856595322502,30.0,4.347300593
sultanpur,"uttar pradesh , assam , bihar , west bengal, kerala",,1.0,4.347300593
sultanpur,"uttar pradesh , uttarakhand",,1.0,4.347300593
sultanpur,"uttar pradesh, bihar,  assam",,1.0,4.347300593
sultanpur,"uttar pradesh, bihar, odisha, west bengal",,1.0,4.347300593
sultanpur,"uttar pradesh, east rajasthan",,1.0,4.347300593
sultanpur,"uttar pradesh, uttarakhand",,2.0,4.347300593
sultanpur,"uttar pradesh, west bengal, bihar",,1.0,4.347300593
sundargarh,"assam, odisha, west bengal, bihar",,1.0,1.817783191
sundargarh,"bihar, odisha, west bengal, assam, andhra pradesh",,1.0,1.817783191
sundargarh,madhya pradesh,,1.0,1.817783191
sundargarh,odisha,,16.0,1.817783191
sundargarh,"odisha, bihar, assam, west bengal",,1.0,1.817783191
sundargarh,"odisha, bihar, uttar pradesh, madhya pradesh, rajasthan, haryana",,1.0,1.817783191
sundargarh,"odisha, rajasthan",,1.0,1.817783191
sundargarh,orissa,0.7422096854981615,0.0,1.817783191
sundargarh,"uttar pradesh, bihar, odisha, west bengal",,1.0,1.817783191
supaul,bihar,,32.0,7.348234606
supaul,"bihar, jharkhand",,1.0,7.348234606
supaul,"bihar, maharashtra",,1.0,7.348234606
supaul,"bihar, odisha, west bengal, assam, andhra pradesh",,1.0,7.348234606
supaul,"bihar, uttar pradesh, west bengal, himachal pradesh",,1.0,7.348234606
supaul,"bihar, west bengal",,1.0,7.348234606
supaul,"himachal pradesh, uttar pradesh, bihar,  west bengal",,1.0,7.348234606
supaul,"kerala, rajasthan, haryana, uttar pradesh, bihar",,1.0,7.348234606
supaul,"odisha, bihar, assam, west bengal",,1.0,7.348234606
supaul,"odisha, bihar, uttar pradesh, madhya pradesh, rajasthan, haryana",,1.0,7.348234606
supaul,"rajasthan, bihar, madhya pradesh, gujarat, maharashtra, uttar pradesh",,1.0,7.348234606
supaul,"uttar pradesh , assam , bihar , west bengal, kerala",,1.0,7.348234606
supaul,"uttar pradesh, bihar",,1.0,7.348234606
supaul,"uttar pradesh, bihar,  assam",,1.0,7.348234606
supaul,"uttar pradesh, bihar, odisha, west bengal",,1.0,7.348234606
supaul,"west bengal, bihar",,1.0,7.348234606
surat,gujarat,0.6337787525269175,46.0,5.334773331
surat,"rajasthan, bihar, madhya pradesh, gujarat, maharashtra, uttar pradesh",,1.0,5.334773331
surendranagar,gujarat,0.6730243879812762,29.0,1.139615495
surendranagar,karnataka,,5.0,1.139615495
surendranagar,"rajasthan, bihar, madhya pradesh, gujarat, maharashtra, uttar pradesh",,1.0,1.139615495
surguja,chhattisgarh,0.81019704486253,6.0,0.200172812
suryapet,andhra pradesh,,1.0,1.336230804
suryapet,"maharashtra, telangana",,1.0,1.336230804
suryapet,telangana,,1.0,1.336230804
swami madhopur,rajasthan,0.6691386671188606,0.0,0.0
tamenglong,manipur,,7.0,1.695834778
tapi,gujarat,,25.0,0.099755767
tapi,"rajasthan, bihar, madhya pradesh, gujarat, maharashtra, uttar pradesh",,1.0,0.099755767
tarn taran,"jammu and kashmir, delhi, punjab",,1.0,5.605831458
tarn taran,"jammu and kashmir, punjab, uttar pradesh, assam,  arunachal pradesh",,1.0,5.605831458
tarn taran,"madhya pradesh, punjab, haryana, west bengal",,1.0,5.605831458
tarn taran,punjab,,20.0,5.605831458
tarn taran,"rajasthan, punjab, uttar pradesh",,1.0,5.605831458
tawang,arunachal pradesh,,31.0,0.876365429
tawang,"jammu and kashmir, punjab, uttar pradesh, assam,  arunachal pradesh",,1.0,0.876365429
tehri garhwal,uttar pradesh,,5.0,0.541041119
tehri garhwal,"uttar pradesh, uttarakhand",,3.0,0.541041119
tehri garhwal,uttarakhand,0.7751993989953705,18.0,0.541041119
tengnoupal,manipur,,4.0,0.539127806
tenkasi,tamil nadu,,7.0,0.407407146
thane,"bihar, maharashtra",,1.0,1.253627781
thane,maharashtra,0.7690688616772241,94.0,1.253627781
thane,"maharashtra, telangana",,1.0,1.253627781
thane,"rajasthan, bihar, madhya pradesh, gujarat, maharashtra, uttar pradesh",,1.0,1.253627781
thanjavur,tamil nadu,0.7617799571264081,36.0,6.262291183
the dangs,gujarat,,1.0,2.164733438
the nilgiris,tamil nadu,0.7442992281186532,27.0,0.072105658
theni,tamil nadu,,14.0,0.031762174
thirunelveli,tamil nadu,0.668382428371564,0.0,0.0
thiruvallur,tamil nadu,,20.0,0.136913665
thiruvananthapuram,"karnataka, kerala",,1.0,0.235709715
thiruvananthapuram,kerala,0.8218642937619277,229.0,0.235709715
thiruvananthapuram,"kerala, rajasthan, haryana, uttar pradesh, bihar",,1.0,0.235709715
thiruvarur,tamil nadu,,22.0,2.180366877
thoothukkudi,tamil nadu,,20.0,0.017275176
thoubal,manipur,,9.0,23.6044421
thrissur,"karnataka, kerala",,1.0,4.374872942
thrissur,kerala,0.81425305943051,88.0,4.374872942
thrissur,"kerala, karnataka",,1.0,4.374872942
thrissur,"kerala, rajasthan, haryana, uttar pradesh, bihar",,1.0,4.374872942
tikamgarh,"andhra pradesh, madhya pradesh",,1.0,0.274206269
tikamgarh,madhya pradesh,0.7704529967847854,9.0,0.274206269
tikamgarh,"madhya pradesh, punjab, haryana, west bengal",,1.0,0.274206269
tikamgarh,"odisha, bihar, uttar pradesh, madhya pradesh, rajasthan, haryana",,1.0,0.274206269
tikamgarh,"rajasthan, bihar, madhya pradesh, gujarat, maharashtra, uttar pradesh",,1.0,0.274206269
tinsukia,assam,,73.0,4.881482417
tinsukia,"assam, odisha, west bengal, bihar",,1.0,4.881482417
tinsukia,"jammu and kashmir, punjab, uttar pradesh, assam,  arunachal pradesh",,1.0,4.881482417
tinsukia,"odisha, bihar, assam, west bengal",,1.0,4.881482417
tinsukia,"uttar pradesh , assam , bihar , west bengal, kerala",,1.0,4.881482417
tinsukia,"uttar pradesh, bihar,  assam",,1.0,4.881482417
tirap,arunachal pradesh,,18.0,0.629920802
tirap,"jammu and kashmir, punjab, uttar pradesh, assam,  arunachal pradesh",,1.0,0.629920802
tiruchirapalli / trichy,tamil nadu,0.7047387125187704,0.0,0.0
tiruchirappalli,tamil nadu,,29.0,2.769716368
tirunelveli,tamil nadu,,20.0,0.007402498
tirupathur,tamil nadu,,7.0,0.882133575
tiruppur,tamil nadu,,13.0,0.55127524
tiruvannamalai,tamil nadu,,25.0,0.956908978
tonk,"kerala, rajasthan, haryana, uttar pradesh, bihar",,1.0,0.025948024
tonk,"odisha, bihar, uttar pradesh, madhya pradesh, rajasthan, haryana",,1.0,0.025948024
tonk,"odisha, rajasthan",,1.0,0.025948024
tonk,rajasthan,0.7798760219878256,20.0,0.025948024
tonk,"rajasthan, bihar, madhya pradesh, gujarat, maharashtra, uttar pradesh",,1.0,0.025948024
tonk,"rajasthan, punjab, uttar pradesh",,1.0,0.025948024
tripura,tripura,,2.0,0.0
tuensang,nagaland,,1.0,0.650005813
tumakuru,karnataka,,34.0,0.055808694
tumakuru,"karnataka, kerala",,1.0,0.055808694
tumakuru,"kerala, karnataka",,1.0,0.055808694
tumkur,karnataka,0.7096522989455718,0.0,0.0
udaipur,"kerala, rajasthan, haryana, uttar pradesh, bihar",,1.0,0.001560423
udaipur,"odisha, bihar, uttar pradesh, madhya pradesh, rajasthan, haryana",,1.0,0.001560423
udaipur,"odisha, rajasthan",,1.0,0.001560423
udaipur,rajasthan,0.7282571156801936,32.0,0.001560423
udaipur,"rajasthan, bihar, madhya pradesh, gujarat, maharashtra, uttar pradesh",,1.0,0.001560423
udaipur,"rajasthan, punjab, uttar pradesh",,1.0,0.001560423
udaiur,gujarat,,1.0,0.0
udalguri,assam,,67.0,3.135691777
udalguri,"assam, odisha, west bengal, bihar",,1.0,3.135691777
udalguri,"jammu and kashmir, punjab, uttar pradesh, assam,  arunachal pradesh",,1.0,3.135691777
udalguri,"odisha, bihar, assam, west bengal",,1.0,3.135691777
udalguri,"uttar pradesh , assam , bihar , west bengal, kerala",,1.0,3.135691777
udalguri,"uttar pradesh, bihar,  assam",,1.0,3.135691777
udam singh nagar,uttar pradesh,,2.0,0.0
udam singh nagar,"uttar pradesh, uttarakhand",,2.0,0.0
udam singh nagar,uttarakhand,,5.0,0.0
udhampur,jammu & kashmir,,9.0,0.47427651
udhampur,jammu and kashmir,,18.0,0.47427651
udhampur,"jammu and kashmir, delhi, punjab",,1.0,0.47427651
udhampur,"jammu and kashmir, punjab, uttar pradesh, assam,  arunachal pradesh",,1.0,0.47427651
udupi,karnataka,,37.0,0.007584602
udupi,"karnataka, kerala",,1.0,0.007584602
udupi,"kerala, karnataka",,1.0,0.007584602
ujjain,"andhra pradesh, madhya pradesh",,1.0,0.708212621
ujjain,madhya pradesh,0.7826487767865635,17.0,0.708212621
ujjain,"madhya pradesh,  chhattisgarh",,4.0,0.708212621
ujjain,"madhya pradesh, punjab, haryana, west bengal",,1.0,0.708212621
ujjain,"odisha, bihar, uttar pradesh, madhya pradesh, rajasthan, haryana",,1.0,0.708212621
ujjain,"rajasthan, bihar, madhya pradesh, gujarat, maharashtra, uttar pradesh",,1.0,0.708212621
ukhrul,manipur,,4.0,0.669906789
umaria,"andhra pradesh, madhya pradesh",,1.0,0.004413453
umaria,madhya pradesh,,9.0,0.004413453
umaria,"madhya pradesh, punjab, haryana, west bengal",,1.0,0.004413453
umaria,"odisha, bihar, uttar pradesh, madhya pradesh, rajasthan, haryana",,1.0,0.004413453
umaria,"rajasthan, bihar, madhya pradesh, gujarat, maharashtra, uttar pradesh",,1.0,0.004413453
una,himachal pradesh,,51.0,0.018255416
una,"himachal pradesh, uttar pradesh",,1.0,0.018255416
unakoti,tripura,,21.0,0.0
unnao,"bihar, uttar pradesh, west bengal, himachal pradesh",,1.0,3.512391774
unnao,"himachal pradesh, uttar pradesh",,1.0,3.512391774
unnao,"himachal pradesh, uttar pradesh, bihar,  west bengal",,1.0,3.512391774
unnao,"jammu and kashmir, punjab, uttar pradesh, assam,  arunachal pradesh",,1.0,3.512391774
unnao,"kerala, rajasthan, haryana, uttar pradesh, bihar",,1.0,3.512391774
unnao,"odisha, bihar, uttar pradesh, madhya pradesh, rajasthan, haryana",,1.0,3.512391774
unnao,"rajasthan, bihar, madhya pradesh, gujarat, maharashtra, uttar pradesh",,1.0,3.512391774
unnao,"rajasthan, punjab, uttar pradesh",,1.0,3.512391774
unnao,uttar pradesh,0.6659831463933495,31.0,3.512391774
unnao,"uttar pradesh , assam , bihar , west bengal, kerala",,1.0,3.512391774
unnao,"uttar pradesh, bihar,  assam",,1.0,3.512391774
unnao,"uttar pradesh, bihar, odisha, west bengal",,1.0,3.512391774
unnao,"uttar pradesh, east rajasthan",,1.0,3.512391774
unnao,"uttar pradesh, uttarakhand",,1.0,3.512391774
unnao,"uttar pradesh, west bengal, bihar",,1.0,3.512391774
upper lower subansiri,arunachal pradesh,,23.0,0.0
upper lower subansiri,"jammu and kashmir, punjab, uttar pradesh, assam,  arunachal pradesh",,1.0,0.0
upper siang,arunachal pradesh,,22.0,2.386481463
upper siang,"jammu and kashmir, punjab, uttar pradesh, assam,  arunachal pradesh",,1.0,2.386481463
urban,karnataka,,1.0,0.0
uttar kashi,karnataka,,1.0,0.0
uttar kashi,uttarakhand,0.7495307112668796,0.0,0.0
uttar kashi,west bengal,,1.0,0.0
uttar kashi bastar kanker,chhattisgarh,,3.0,0.0
uttar kashi bastar kanker,"madhya pradesh,  chhattisgarh",,2.0,0.0
uttar kashi dinajpur,west bengal,,10.0,0.0
uttar kashi kashi,uttar pradesh,,4.0,0.0
uttar kashi kashi,"uttar pradesh, uttarakhand",,5.0,0.0
uttar kashi kashi,uttarakhand,,16.0,0.0
uttar kashia,karnataka,,1.0,0.0
uttar kashia kannada,karnataka,,69.0,0.0
uttar kashia kannada,"karnataka, kerala",,1.0,0.0
uttar kashia kannada,"kerala, karnataka",,1.0,0.0
uttara kannada,karnataka,0.8425019411620088,0.0,2.419647773
vadodara,gujarat,,36.0,3.043652457
vadodara,"rajasthan, bihar, madhya pradesh, gujarat, maharashtra, uttar pradesh",,1.0,3.043652457
vadodara / baroda,gujarat,0.7077555953943191,0.0,0.0
vaishali,bihar,,31.0,16.86821474
vaishali,"bihar, jharkhand",,1.0,16.86821474
vaishali,"bihar, maharashtra",,1.0,16.86821474
vaishali,"bihar, odisha, west bengal, assam, andhra pradesh",,1.0,16.86821474
vaishali,"bihar, uttar pradesh, west bengal, himachal pradesh",,1.0,16.86821474
vaishali,"bihar, west bengal",,1.0,16.86821474
vaishali,"himachal pradesh, uttar pradesh, bihar,  west bengal",,1.0,16.86821474
vaishali,"kerala, rajasthan, haryana, uttar pradesh, bihar",,1.0,16.86821474
vaishali,"odisha, bihar, assam, west bengal",,1.0,16.86821474
vaishali,"odisha, bihar, uttar pradesh, madhya pradesh, rajasthan, haryana",,1.0,16.86821474
vaishali,"rajasthan, bihar, madhya pradesh, gujarat, maharashtra, uttar pradesh",,1.0,16.86821474
vaishali,"uttar pradesh , assam , bihar , west bengal, kerala",,1.0,16.86821474
vaishali,"uttar pradesh, bihar,  assam",,1.0,16.86821474
vaishali,"uttar pradesh, bihar, odisha, west bengal",,1.0,16.86821474
vaishali,"west bengal, bihar",,1.0,16.86821474
valsad,dadra and nagar haveli,,1.0,1.738920562
valsad,gujarat,0.5849898395076457,36.0,1.738920562
valsad,"rajasthan, bihar, madhya pradesh, gujarat, maharashtra, uttar pradesh",,1.0,1.738920562
varanasi,"bihar, uttar pradesh, west bengal, himachal pradesh",,1.0,3.716004426
varanasi,"himachal pradesh, uttar pradesh",,1.0,3.716004426
varanasi,"himachal pradesh, uttar pradesh, bihar,  west bengal",,1.0,3.716004426
varanasi,"jammu and kashmir, punjab, uttar pradesh, assam,  arunachal pradesh",,1.0,3.716004426
varanasi,"kerala, rajasthan, haryana, uttar pradesh, bihar",,1.0,3.716004426
varanasi,"odisha, bihar, uttar pradesh, madhya pradesh, rajasthan, haryana",,1.0,3.716004426
varanasi,"rajasthan, bihar, madhya pradesh, gujarat, maharashtra, uttar pradesh",,1.0,3.716004426
varanasi,"rajasthan, punjab, uttar pradesh",,1.0,3.716004426
varanasi,uttar pradesh,0.6183717750239579,40.0,3.716004426
varanasi,"uttar pradesh , assam , bihar , west bengal, kerala",,1.0,3.716004426
varanasi,"uttar pradesh , uttarakhand",,1.0,3.716004426
varanasi,"uttar pradesh, bihar,  assam",,1.0,3.716004426
varanasi,"uttar pradesh, bihar, odisha, west bengal",,1.0,3.716004426
varanasi,"uttar pradesh, east rajasthan",,1.0,3.716004426
varanasi,"uttar pradesh, uttarakhand",,1.0,3.716004426
varanasi,"uttar pradesh, west bengal, bihar",,1.0,3.716004426
vellore,tamil nadu,,18.0,0.437957461
vidisha,"andhra pradesh, madhya pradesh",,1.0,0.635462
vidisha,madhya pradesh,0.8078619707827931,19.0,0.635462
vidisha,"madhya pradesh,  chhattisgarh",,2.0,0.635462
vidisha,"madhya pradesh, punjab, haryana, west bengal",,1.0,0.635462
vidisha,"odisha, bihar, uttar pradesh, madhya pradesh, rajasthan, haryana",,1.0,0.635462
vidisha,"rajasthan, bihar, madhya pradesh, gujarat, maharashtra, uttar pradesh",,1.0,0.635462
vijayapura,karnataka,,12.0,0.011439119
vijayapura,"karnataka, kerala",,1.0,0.011439119
vijayapura,"kerala, karnataka",,1.0,0.011439119
vikarabad,andhra pradesh,,1.0,0.084609379
vikarabad,"maharashtra, telangana",,1.0,0.084609379
vikarabad,telangana,,6.0,0.084609379
viluppuram,tamil nadu,,25.0,2.579095705
virudhunagar,tamil nadu,,14.0,1.858630308
visakhapatnam,andhra pradesh,0.8486579517721721,25.0,0.735914807
visakhapatnam,"andhra pradesh, madhya pradesh",,1.0,0.735914807
vizianagaram,andhra pradesh,,16.0,0.790001986
vizianagaram,"andhra pradesh, madhya pradesh",,1.0,0.790001986
wanaparthy,andhra pradesh,,1.0,4.926322219
wanaparthy,"maharashtra, telangana",,1.0,4.926322219
wanaparthy,telangana,,1.0,4.926322219
warangal,andhra pradesh,,82.0,0.0
warangal,"maharashtra, telangana",,8.0,0.0
warangal,telangana,0.7351688968739974,74.0,0.0
wardha,"bihar, maharashtra",,1.0,0.644579581
wardha,maharashtra,0.8355698898117192,67.0,0.644579581
wardha,"maharashtra, telangana",,1.0,0.644579581
wardha,"rajasthan, bihar, madhya pradesh, gujarat, maharashtra, uttar pradesh",,1.0,0.644579581
washim,"bihar, maharashtra",,1.0,7.34e-05
washim,maharashtra,,75.0,7.34e-05
washim,"maharashtra, telangana",,1.0,7.34e-05
washim,"rajasthan, bihar, madhya pradesh, gujarat, maharashtra, uttar pradesh",,1.0,7.34e-05
wayanad,"karnataka, kerala",,1.0,0.460180992
wayanad,kerala,,146.0,0.460180992
wayanad,"kerala, karnataka",,1.0,0.460180992
wayanad,"kerala, rajasthan, haryana, uttar pradesh, bihar",,1.0,0.460180992
west,delhi,,15.0,5.312905892
west,"jammu and kashmir, delhi, punjab",,1.0,5.312905892
west dinajpur,west bengal,0.6270042845605038,0.0,0.0
west east jaintia hills,meghalaya,,5.0,0.0
west garo hills,meghalaya,,18.0,1.079662032
west godavari,andhra pradesh,0.724121487332948,39.0,3.539250333
west godavari,"andhra pradesh, madhya pradesh",,1.0,3.539250333
west kameng,arunachal pradesh,,80.0,1.888080105
west kameng,"jammu and kashmir, punjab, uttar pradesh, assam,  arunachal pradesh",,3.0,1.888080105
west karbi anglong,assam,,19.0,3.129321309
west karbi anglong,"assam, odisha, west bengal, bihar",,1.0,3.129321309
west karbi anglong,"jammu and kashmir, punjab, uttar pradesh, assam,  arunachal pradesh",,1.0,3.129321309
west karbi anglong,"odisha, bihar, assam, west bengal",,1.0,3.129321309
west karbi anglong,"uttar pradesh , assam , bihar , west bengal, kerala",,1.0,3.129321309
west karbi anglong,"uttar pradesh, bihar,  assam",,1.0,3.129321309
west khasi hills,meghalaya,,11.0,1.191947527
west madhya pradesh,"madhya pradesh,  chhattisgarh",,1.0,0.0
west siang,arunachal pradesh,,23.0,0.620779654
west siang,"jammu and kashmir, punjab, uttar pradesh, assam,  arunachal pradesh",,1.0,0.620779654
west singhbhum,bihar,,1.0,0.0
west tripura,tripura,,35.0,0.612502471
wokha,nagaland,,2.0,1.553001778
y.s.r.,andhra pradesh,,20.0,0.045955578
y.s.r.,"andhra pradesh, madhya pradesh",,1.0,0.045955578
y.s.r.,"andhra pradesh, telangana",,1.0,0.045955578
yadadri bhuvanagiri,telangana,,2.0,0.546065506
yadadri yadadri bhuvanagiri,telangana,,1.0,0.0
yadadri yadadri bhuvanagiri yadadri bhuvanagiri,andhra pradesh,,1.0,0.0
yadadri yadadri bhuvanagiri yadadri bhuvanagiri,"maharashtra, telangana",,1.0,0.0
yadadri yadadri bhuvanagiri yadadri bhuvanagiri,telangana,,1.0,0.0
yadgir,karnataka,,21.0,1.077229403
yadgir,"karnataka, kerala",,1.0,1.077229403
yadgir,"kerala, karnataka",,1.0,1.077229403
yamunanagar,haryana,,22.0,5.731626983
yamunanagar,"kerala, rajasthan, haryana, uttar pradesh, bihar",,1.0,5.731626983
yamunanagar,"madhya pradesh, punjab, haryana, west bengal",,1.0,5.731626983
yamunanagar,"odisha, bihar, uttar pradesh, madhya pradesh, rajasthan, haryana",,1.0,5.731626983
yanam,puducherry,,1.0,2.98522873
yavatmal,"bihar, maharashtra",,1.0,0.001951031
yavatmal,maharashtra,,70.0,0.001951031
yavatmal,"maharashtra, telangana",,1.0,0.001951031
yavatmal,"rajasthan, bihar, madhya pradesh, gujarat, maharashtra, uttar pradesh",,1.0,0.001951031
yeotmal,maharashtra,0.8435373558780441,0.0,0.0
zunheboto,nagaland,,2.0,0.640526895
